,mean_fit_time,std_fit_time,mean_score_time,std_score_time,param_rf__criterion,param_rf__max_depth,param_rf__n_estimators,param_tfidf__ngram_range,params,split0_test_recall,split1_test_recall,split2_test_recall,split3_test_recall,mean_test_recall,std_test_recall,rank_test_recall,split0_train_recall,split1_train_recall,split2_train_recall,split3_train_recall,mean_train_recall,std_train_recall,split0_test_precision,split1_test_precision,split2_test_precision,split3_test_precision,mean_test_precision,std_test_precision,rank_test_precision,split0_train_precision,split1_train_precision,split2_train_precision,split3_train_precision,mean_train_precision,std_train_precision,split0_test_f1,split1_test_f1,split2_test_f1,split3_test_f1,mean_test_f1,std_test_f1,rank_test_f1,split0_train_f1,split1_train_f1,split2_train_f1,split3_train_f1,mean_train_f1,std_train_f1
0,0.06999331712722778,0.0019161032344209745,0.013101756572723389,0.0014892103243586273,gini,5,50,"(1, 1)","{'rf__criterion': 'gini', 'rf__max_depth': 5, 'rf__n_estimators': 50, 'tfidf__ngram_range': (1, 1)}",0.053691275167785234,0.006666666666666667,0.02666666666666667,0.013422818791946308,0.025111856823266217,0.018000411360375387,54,0.053452115812917596,0.002232142857142857,0.046875,0.0467706013363029,0.037332465001590834,0.020445134803857422,1.0,1.0,1.0,1.0,1.0,0.0,1,1.0,1.0,1.0,1.0,1.0,0.0,0.10191082802547771,0.013245033112582781,0.05194805194805195,0.026490066225165563,0.0483984948278195,0.033881832426867,55,0.1014799154334038,0.004454342984409799,0.08955223880597014,0.08936170212765958,0.07121204983786084,0.03885391718240167
1,0.07676410675048828,0.0010205927865102413,0.013503193855285645,0.00034277115409242205,gini,5,50,"(2, 2)","{'rf__criterion': 'gini', 'rf__max_depth': 5, 'rf__n_estimators': 50, 'tfidf__ngram_range': (2, 2)}",0.0,0.0,0.0,0.0,0.0,0.0,64,0.0,0.0,0.0,0.0,0.0,0.0,0.0,0.0,0.0,0.0,0.0,0.0,64,0.0,0.0,0.0,0.0,0.0,0.0,0.0,0.0,0.0,0.0,0.0,0.0,64,0.0,0.0,0.0,0.0,0.0,0.0
2,0.11655884981155396,0.004826962471644194,0.014796137809753418,0.0002941500029403937,gini,5,100,"(1, 1)","{'rf__criterion': 'gini', 'rf__max_depth': 5, 'rf__n_estimators': 100, 'tfidf__ngram_range': (1, 1)}",0.020134228187919462,0.04666666666666667,0.04666666666666667,0.013422818791946308,0.031722595078299776,0.01513128060172962,52,0.0334075723830735,0.03571428571428571,0.046875,0.031180400890868598,0.03679431474705695,0.006036818916143585,1.0,1.0,1.0,1.0,1.0,0.0,1,1.0,1.0,1.0,1.0,1.0,0.0,0.039473684210526314,0.08917197452229299,0.08917197452229299,0.026490066225165563,0.06107692487006946,0.028467588709963267,52,0.06465517241379311,0.06896551724137931,0.08955223880597014,0.06047516198704104,0.0709120226120459,0.011172765738878427
3,0.12525814771652222,0.004078151424162176,0.01624852418899536,0.0004059092019942768,gini,5,100,"(2, 2)","{'rf__criterion': 'gini', 'rf__max_depth': 5, 'rf__n_estimators': 100, 'tfidf__ngram_range': (2, 2)}",0.0,0.0,0.0,0.0,0.0,0.0,64,0.0,0.0,0.0,0.0,0.0,0.0,0.0,0.0,0.0,0.0,0.0,0.0,64,0.0,0.0,0.0,0.0,0.0,0.0,0.0,0.0,0.0,0.0,0.0,0.0,64,0.0,0.0,0.0,0.0,0.0,0.0
4,0.16255056858062744,0.0053015197604459096,0.01727306842803955,0.0006320936646904118,gini,5,150,"(1, 1)","{'rf__criterion': 'gini', 'rf__max_depth': 5, 'rf__n_estimators': 150, 'tfidf__ngram_range': (1, 1)}",0.0,0.02,0.013333333333333334,0.0,0.008333333333333333,0.008660254037844387,63,0.0022271714922048997,0.020089285714285716,0.017857142857142856,0.031180400890868598,0.017838500238625515,0.01032940319001794,0.0,1.0,1.0,0.0,0.5,0.5,63,1.0,1.0,1.0,1.0,1.0,0.0,0.0,0.0392156862745098,0.02631578947368421,0.0,0.016382868937048503,0.01700586110117634,63,0.0044444444444444444,0.03938730853391685,0.03508771929824561,0.06047516198704104,0.03484865856591199,0.020011186918215268
5,0.17104429006576538,0.003855083229934227,0.01856517791748047,0.0003714511345193483,gini,5,150,"(2, 2)","{'rf__criterion': 'gini', 'rf__max_depth': 5, 'rf__n_estimators': 150, 'tfidf__ngram_range': (2, 2)}",0.0,0.0,0.0,0.0,0.0,0.0,64,0.0,0.0,0.0,0.004454342984409799,0.0011135857461024498,0.0019287870908339388,0.0,0.0,0.0,0.0,0.0,0.0,64,0.0,0.0,0.0,1.0,0.25,0.4330127018922193,0.0,0.0,0.0,0.0,0.0,0.0,64,0.0,0.0,0.0,0.008869179600886918,0.0022172949002217295,0.0038404674225473996
6,0.07752567529678345,0.0016466184196938325,0.012103557586669922,0.00017691742987183318,gini,10,50,"(1, 1)","{'rf__criterion': 'gini', 'rf__max_depth': 10, 'rf__n_estimators': 50, 'tfidf__ngram_range': (1, 1)}",0.4161073825503356,0.35333333333333333,0.38666666666666666,0.35570469798657717,0.3779530201342282,0.025655407928114108,21,0.44543429844098,0.46875,0.45982142857142855,0.45434298440979953,0.45708717785555203,0.008467847183147633,1.0,1.0,1.0,1.0,1.0,0.0,1,1.0,1.0,1.0,1.0,1.0,0.0,0.5876777251184834,0.5221674876847291,0.5576923076923077,0.5247524752475248,0.5480724989357613,0.026814211596805897,20,0.6163328197226502,0.6382978723404256,0.6299694189602446,0.6248085758039816,0.6273521717068256,0.007977379642057207
7,0.08549988269805908,0.0013857366994752774,0.013565123081207275,0.00027290937423649666,gini,10,50,"(2, 2)","{'rf__criterion': 'gini', 'rf__max_depth': 10, 'rf__n_estimators': 50, 'tfidf__ngram_range': (2, 2)}",0.04697986577181208,0.03333333333333333,0.04,0.020134228187919462,0.03511185682326622,0.009902475517031283,50,0.0957683741648107,0.033482142857142856,0.08482142857142858,0.0645879732739421,0.06966497971683105,0.02369640701258733,1.0,1.0,1.0,1.0,1.0,0.0,1,1.0,1.0,1.0,1.0,1.0,0.0,0.08974358974358974,0.06451612903225806,0.07692307692307693,0.039473684210526314,0.06766411997736277,0.01855964563639964,49,0.17479674796747968,0.06479481641468683,0.15637860082304528,0.12133891213389121,0.12932726933477576,0.041915090817838445
8,0.13848966360092163,0.001822118466488436,0.01504504680633545,0.00014151357809081264,gini,10,100,"(1, 1)","{'rf__criterion': 'gini', 'rf__max_depth': 10, 'rf__n_estimators': 100, 'tfidf__ngram_range': (1, 1)}",0.42953020134228187,0.3333333333333333,0.4,0.2953020134228188,0.3645413870246085,0.053030398576008636,22,0.47884187082405344,0.4017857142857143,0.4486607142857143,0.4142538975501114,0.4358855492363984,0.03016279788381725,1.0,1.0,1.0,1.0,1.0,0.0,1,1.0,1.0,1.0,1.0,1.0,0.0,0.6009389671361502,0.5,0.5714285714285714,0.45595854922279794,0.5320815219468799,0.05725702814434118,23,0.6475903614457831,0.5732484076433121,0.6194144838212635,0.5858267716535434,0.6065200061409755,0.02910434185672368
9,0.13683819770812988,0.0037271164156743282,0.01627326011657715,0.00044825603258728927,gini,10,100,"(2, 2)","{'rf__criterion': 'gini', 'rf__max_depth': 10, 'rf__n_estimators': 100, 'tfidf__ngram_range': (2, 2)}",0.06040268456375839,0.02,0.06,0.013422818791946308,0.03845637583892617,0.02186941355050098,48,0.08463251670378619,0.020089285714285716,0.0625,0.0757238307349666,0.060736408288259616,0.02475351317627477,1.0,1.0,1.0,1.0,1.0,0.0,1,1.0,1.0,1.0,1.0,1.0,0.0,0.11392405063291139,0.0392156862745098,0.11320754716981132,0.026490066225165563,0.07320933757559953,0.040607275439190994,48,0.15605749486652978,0.03938730853391685,0.11764705882352941,0.14078674948240166,0.11346965292659442,0.04490432194144358
10,0.20481717586517334,0.008544096833877015,0.018390655517578125,0.0006499597009746983,gini,10,150,"(1, 1)","{'rf__criterion': 'gini', 'rf__max_depth': 10, 'rf__n_estimators': 150, 'tfidf__ngram_range': (1, 1)}",0.4228187919463087,0.37333333333333335,0.43333333333333335,0.28859060402684567,0.37951901565995527,0.0571775526781831,20,0.43875278396436523,0.4486607142857143,0.5066964285714286,0.40979955456570155,0.45097737034680246,0.03519599895395998,1.0,1.0,1.0,1.0,1.0,0.0,1,1.0,1.0,1.0,1.0,1.0,0.0,0.5943396226415094,0.5436893203883495,0.6046511627906976,0.4479166666666667,0.5476491931218058,0.06203119815878513,21,0.6099071207430341,0.6194144838212635,0.6725925925925926,0.5813586097946287,0.6208182017378797,0.03301010851682394
11,0.19644629955291748,0.001793483936546346,0.01927405595779419,0.0002881177491998735,gini,10,150,"(2, 2)","{'rf__criterion': 'gini', 'rf__max_depth': 10, 'rf__n_estimators': 150, 'tfidf__ngram_range': (2, 2)}",0.020134228187919462,0.006666666666666667,0.013333333333333334,0.006711409395973154,0.011711409395973154,0.005568301870082038,62,0.0378619153674833,0.022321428571428572,0.06696428571428571,0.06904231625835189,0.04904748647788737,0.019749709397307913,1.0,1.0,1.0,1.0,1.0,0.0,1,1.0,1.0,1.0,1.0,1.0,0.0,0.039473684210526314,0.013245033112582781,0.02631578947368421,0.013333333333333334,0.02309196003253166,0.010850653530210252,62,0.07296137339055794,0.043668122270742356,0.12552301255230125,0.12916666666666668,0.09282979372006706,0.036058421205146636
12,0.09234309196472168,0.003014017637665951,0.012727439403533936,0.00023641185099014246,gini,15,50,"(1, 1)","{'rf__criterion': 'gini', 'rf__max_depth': 15, 'rf__n_estimators': 50, 'tfidf__ngram_range': (1, 1)}",0.6174496644295302,0.6266666666666667,0.6,0.5503355704697986,0.5986129753914988,0.029472284061963668,14,0.6703786191536748,0.6986607142857143,0.703125,0.6280623608017817,0.6750566735602926,0.029897037112268172,1.0,1.0,1.0,1.0,1.0,0.0,1,1.0,1.0,1.0,1.0,1.0,0.0,0.7634854771784232,0.7704918032786885,0.75,0.70995670995671,0.7484834976034554,0.023430952049364035,14,0.8026666666666666,0.8226018396846255,0.8256880733944955,0.771545827633379,0.8056256018447916,0.02156896916618001
13,0.09444445371627808,0.0033530644592314504,0.014060258865356445,0.00039451752005385793,gini,15,50,"(2, 2)","{'rf__criterion': 'gini', 'rf__max_depth': 15, 'rf__n_estimators': 50, 'tfidf__ngram_range': (2, 2)}",0.1476510067114094,0.11333333333333333,0.14,0.087248322147651,0.12205816554809844,0.023794699184111274,39,0.16703786191536749,0.15401785714285715,0.19642857142857142,0.17817371937639198,0.17391450246579698,0.015557867063954628,1.0,1.0,1.0,1.0,1.0,0.0,1,1.0,1.0,1.0,1.0,1.0,0.0,0.2573099415204678,0.20359281437125748,0.24561403508771928,0.16049382716049382,0.2167526545349846,0.03813171208364574,38,0.2862595419847328,0.26692456479690524,0.3283582089552239,0.30245746691871456,0.29599994566389415,0.022522266872924666
14,0.16355937719345093,0.004386951762332108,0.0158194899559021,0.00011516448782194932,gini,15,100,"(1, 1)","{'rf__criterion': 'gini', 'rf__max_depth': 15, 'rf__n_estimators': 100, 'tfidf__ngram_range': (1, 1)}",0.6711409395973155,0.5933333333333334,0.64,0.5704697986577181,0.6187360178970918,0.03928535686483093,11,0.7505567928730512,0.6964285714285714,0.7075892857142857,0.6837416481069042,0.7095790745307031,0.025117926845796563,1.0,1.0,1.0,1.0,1.0,0.0,1,1.0,1.0,1.0,1.0,1.0,0.0,0.8032128514056225,0.7447698744769874,0.7804878048780488,0.7264957264957265,0.7637415643140963,0.029939925382986593,11,0.8575063613231552,0.8210526315789474,0.8287581699346406,0.8121693121693122,0.8298716187515138,0.01700047762820822
15,0.15025019645690918,0.0036175398751501896,0.016881585121154785,0.00013583881544292504,gini,15,100,"(2, 2)","{'rf__criterion': 'gini', 'rf__max_depth': 15, 'rf__n_estimators': 100, 'tfidf__ngram_range': (2, 2)}",0.08053691275167785,0.12666666666666668,0.09333333333333334,0.06711409395973154,0.09191275167785236,0.022103369625378403,44,0.1403118040089087,0.15401785714285715,0.15401785714285715,0.1915367483296214,0.1599710666560611,0.019064104190614793,1.0,1.0,1.0,1.0,1.0,0.0,1,1.0,1.0,1.0,1.0,1.0,0.0,0.14906832298136646,0.22485207100591717,0.17073170731707318,0.12578616352201258,0.16760956620659234,0.03667228801584372,44,0.24609375,0.26692456479690524,0.26692456479690524,0.32149532710280376,0.27535955167415355,0.027961111070880375
16,0.23461735248565674,0.005168429386048837,0.019262731075286865,0.00014956993172577664,gini,15,150,"(1, 1)","{'rf__criterion': 'gini', 'rf__max_depth': 15, 'rf__n_estimators': 150, 'tfidf__ngram_range': (1, 1)}",0.6644295302013423,0.5733333333333334,0.5333333333333333,0.5234899328859061,0.5736465324384787,0.05563831700649245,17,0.7104677060133631,0.6473214285714286,0.6584821428571429,0.6926503340757239,0.6772304028794146,0.025438831516676277,1.0,1.0,1.0,1.0,1.0,0.0,1,1.0,1.0,1.0,1.0,1.0,0.0,0.7983870967741935,0.7288135593220338,0.6956521739130435,0.6872246696035242,0.7275193749031987,0.04376954046659959,17,0.8307291666666666,0.7859078590785907,0.7940780619111709,0.8184210526315789,0.8072840350720019,0.018062710087631852
17,0.21394282579421997,0.004617194567639174,0.019912540912628174,0.0002283472144727209,gini,15,150,"(2, 2)","{'rf__criterion': 'gini', 'rf__max_depth': 15, 'rf__n_estimators': 150, 'tfidf__ngram_range': (2, 2)}",0.11409395973154363,0.09333333333333334,0.14,0.0738255033557047,0.10531319910514542,0.024572688502773624,43,0.133630289532294,0.14285714285714285,0.171875,0.18040089086859687,0.15719083081450844,0.019460764555591013,1.0,1.0,1.0,1.0,1.0,0.0,1,1.0,1.0,1.0,1.0,1.0,0.0,0.20481927710843373,0.17073170731707318,0.24561403508771928,0.1375,0.18966625487830657,0.040123569857518075,43,0.2357563850687623,0.25,0.29333333333333333,0.30566037735849055,0.27118752394014656,0.02908217353001488
18,0.10325610637664795,0.002010985615706861,0.01320427656173706,0.00025271089398835737,gini,20,50,"(1, 1)","{'rf__criterion': 'gini', 'rf__max_depth': 20, 'rf__n_estimators': 50, 'tfidf__ngram_range': (1, 1)}",0.697986577181208,0.7066666666666667,0.6266666666666667,0.7046979865771812,0.6840044742729307,0.03326003532171709,9,0.7527839643652561,0.7924107142857143,0.7723214285714286,0.8017817371937639,0.7798244611040408,0.018894573979711584,1.0,1.0,1.0,1.0,1.0,0.0,1,1.0,1.0,1.0,1.0,1.0,0.0,0.8221343873517787,0.828125,0.7704918032786885,0.8267716535433071,0.8118807110434435,0.023998940893474124,9,0.8589580686149937,0.8841843088418431,0.871536523929471,0.8899876390605687,0.876166635111719,0.011967413386244272
19,0.09974902868270874,0.0019587061862292865,0.01429814100265503,0.0001002219622777953,gini,20,50,"(2, 2)","{'rf__criterion': 'gini', 'rf__max_depth': 20, 'rf__n_estimators': 50, 'tfidf__ngram_range': (2, 2)}",0.16778523489932887,0.15333333333333332,0.17333333333333334,0.18120805369127516,0.16891498881431766,0.010182160180854596,36,0.21380846325167038,0.22321428571428573,0.265625,0.27839643652561247,0.24526104637289214,0.027331160460339194,1.0,1.0,1.0,1.0,1.0,0.0,1,1.0,1.0,1.0,1.0,1.0,0.0,0.28735632183908044,0.2658959537572254,0.29545454545454547,0.3068181818181818,0.2888812507172583,0.014963213102864326,36,0.3522935779816514,0.36496350364963503,0.41975308641975306,0.4355400696864111,0.3931375594343626,0.03524332345514355
20,0.19202208518981934,0.008636144370227082,0.017422974109649658,0.0012331637483828913,gini,20,100,"(1, 1)","{'rf__criterion': 'gini', 'rf__max_depth': 20, 'rf__n_estimators': 100, 'tfidf__ngram_range': (1, 1)}",0.7583892617449665,0.8133333333333334,0.6333333333333333,0.7315436241610739,0.7341498881431767,0.06524633238822748,1,0.8307349665924276,0.8482142857142857,0.7544642857142857,0.8017817371937639,0.8087988188036908,0.035483286671169345,1.0,1.0,1.0,1.0,1.0,0.0,1,1.0,1.0,1.0,1.0,1.0,0.0,0.8625954198473282,0.8970588235294118,0.7755102040816326,0.8449612403100775,0.8450314219421124,0.04429601899890755,1,0.9075425790754258,0.9178743961352657,0.8600508905852418,0.8899876390605687,0.8938638762141254,0.021920054690060236
21,0.16550040245056152,0.009244867460669125,0.017314612865447998,0.0001720906868803381,gini,20,100,"(2, 2)","{'rf__criterion': 'gini', 'rf__max_depth': 20, 'rf__n_estimators': 100, 'tfidf__ngram_range': (2, 2)}",0.18791946308724833,0.19333333333333333,0.20666666666666667,0.1476510067114094,0.18389261744966443,0.022008261339930564,34,0.20935412026726058,0.26339285714285715,0.27232142857142855,0.26280623608017817,0.2519686605154311,0.02489075893181981,1.0,1.0,1.0,1.0,1.0,0.0,1,1.0,1.0,1.0,1.0,1.0,0.0,0.3163841807909605,0.3240223463687151,0.3425414364640884,0.2573099415204678,0.31006447628605793,0.03190828529948316,34,0.3462246777163904,0.4169611307420495,0.4280701754385965,0.41622574955908287,0.40187043336402983,0.032467987529201485
22,0.2767708897590637,0.00903737813568829,0.021191954612731934,0.001643397928823272,gini,20,150,"(1, 1)","{'rf__criterion': 'gini', 'rf__max_depth': 20, 'rf__n_estimators': 150, 'tfidf__ngram_range': (1, 1)}",0.7315436241610739,0.7533333333333333,0.68,0.6778523489932886,0.710682326621924,0.032686062421714034,4,0.7906458797327395,0.7924107142857143,0.7901785714285714,0.7728285077951003,0.7865159183105314,0.007946153714517838,1.0,1.0,1.0,1.0,1.0,0.0,1,1.0,1.0,1.0,1.0,1.0,0.0,0.8449612403100775,0.8593155893536122,0.8095238095238095,0.808,0.8304501597968748,0.022280632238627387,4,0.8830845771144279,0.8841843088418431,0.8827930174563591,0.871859296482412,0.8804802999737605,0.005004305757854857
23,0.23139208555221558,0.0049267303967025396,0.02116495370864868,0.0005168113692329952,gini,20,150,"(2, 2)","{'rf__criterion': 'gini', 'rf__max_depth': 20, 'rf__n_estimators': 150, 'tfidf__ngram_range': (2, 2)}",0.22818791946308725,0.19333333333333333,0.20666666666666667,0.16778523489932887,0.19899328859060403,0.021892835081314666,31,0.24498886414253898,0.29910714285714285,0.3013392857142857,0.289532293986637,0.28374189667515115,0.022809455948829768,1.0,1.0,1.0,1.0,1.0,0.0,1,1.0,1.0,1.0,1.0,1.0,0.0,0.37158469945355194,0.3240223463687151,0.3425414364640884,0.28735632183908044,0.33137620103135895,0.03055001951774277,31,0.3935599284436494,0.46048109965635736,0.4631217838765009,0.44905008635578586,0.4415532245830734,0.02820915904254126
24,0.06733298301696777,0.0009177564979273098,0.01197361946105957,0.0001138886147987913,entropy,5,50,"(1, 1)","{'rf__criterion': 'entropy', 'rf__max_depth': 5, 'rf__n_estimators': 50, 'tfidf__ngram_range': (1, 1)}",0.06711409395973154,0.05333333333333334,0.09333333333333334,0.006711409395973154,0.05512304250559284,0.03142730070885028,46,0.053452115812917596,0.046875,0.08258928571428571,0.07126948775055679,0.06354647231944002,0.014160753263146074,1.0,1.0,1.0,1.0,1.0,0.0,1,1.0,1.0,1.0,1.0,1.0,0.0,0.12578616352201258,0.10126582278481013,0.17073170731707318,0.013333333333333334,0.1027792567393073,0.057336107723479524,46,0.1014799154334038,0.08955223880597014,0.15257731958762888,0.13305613305613306,0.11916640172078397,0.024995122082178634
25,0.08211678266525269,0.0008342737144612717,0.013994097709655762,0.0005141628220801076,entropy,5,50,"(2, 2)","{'rf__criterion': 'entropy', 'rf__max_depth': 5, 'rf__n_estimators': 50, 'tfidf__ngram_range': (2, 2)}",0.0,0.0,0.0,0.0,0.0,0.0,64,0.0,0.0,0.0,0.0,0.0,0.0,0.0,0.0,0.0,0.0,0.0,0.0,64,0.0,0.0,0.0,0.0,0.0,0.0,0.0,0.0,0.0,0.0,0.0,0.0,64,0.0,0.0,0.0,0.0,0.0,0.0
26,0.11883503198623657,0.0032324734830644058,0.014765381813049316,0.0002606409364974046,entropy,5,100,"(1, 1)","{'rf__criterion': 'entropy', 'rf__max_depth': 5, 'rf__n_estimators': 100, 'tfidf__ngram_range': (1, 1)}",0.026845637583892617,0.02,0.013333333333333334,0.020134228187919462,0.020078299776286355,0.004777569783922935,59,0.044543429844097995,0.011160714285714286,0.011160714285714286,0.0556792873051225,0.030636036430162265,0.01986930013372534,1.0,1.0,1.0,1.0,1.0,0.0,1,1.0,1.0,1.0,1.0,1.0,0.0,0.05228758169934641,0.0392156862745098,0.02631578947368421,0.039473684210526314,0.03932318541451668,0.009182893418530926,59,0.08528784648187633,0.02207505518763797,0.02207505518763797,0.10548523206751055,0.0587307972311657,0.03734481520671236
27,0.12705469131469727,0.004883876661641435,0.015817761421203613,0.0002873403118752586,entropy,5,100,"(2, 2)","{'rf__criterion': 'entropy', 'rf__max_depth': 5, 'rf__n_estimators': 100, 'tfidf__ngram_range': (2, 2)}",0.0,0.0,0.0,0.0,0.0,0.0,64,0.0,0.0,0.0,0.0,0.0,0.0,0.0,0.0,0.0,0.0,0.0,0.0,64,0.0,0.0,0.0,0.0,0.0,0.0,0.0,0.0,0.0,0.0,0.0,0.0,64,0.0,0.0,0.0,0.0,0.0,0.0
28,0.16726136207580566,0.0028720366412697453,0.017527222633361816,0.00030826505801354395,entropy,5,150,"(1, 1)","{'rf__criterion': 'entropy', 'rf__max_depth': 5, 'rf__n_estimators': 150, 'tfidf__ngram_range': (1, 1)}",0.04697986577181208,0.05333333333333334,0.013333333333333334,0.026845637583892617,0.03512304250559284,0.01593350093393386,49,0.0400890868596882,0.04241071428571429,0.011160714285714286,0.05790645879732739,0.03789174355711104,0.016884802087162382,1.0,1.0,1.0,1.0,1.0,0.0,1,1.0,1.0,1.0,1.0,1.0,0.0,0.08974358974358974,0.10126582278481013,0.02631578947368421,0.05228758169934641,0.06740319592535762,0.02984303711140517,50,0.07708779443254818,0.08137044967880086,0.02207505518763797,0.10947368421052632,0.07250174587737833,0.03166015282060632
29,0.1805703043937683,0.006857185123507918,0.018654584884643555,0.0008685451236056885,entropy,5,150,"(2, 2)","{'rf__criterion': 'entropy', 'rf__max_depth': 5, 'rf__n_estimators': 150, 'tfidf__ngram_range': (2, 2)}",0.0,0.0,0.0,0.0,0.0,0.0,64,0.0,0.0,0.0,0.0,0.0,0.0,0.0,0.0,0.0,0.0,0.0,0.0,64,0.0,0.0,0.0,0.0,0.0,0.0,0.0,0.0,0.0,0.0,0.0,0.0,64,0.0,0.0,0.0,0.0,0.0,0.0
30,0.07882726192474365,0.0015655721140678711,0.012244343757629395,0.0006297049816555278,entropy,10,50,"(1, 1)","{'rf__criterion': 'entropy', 'rf__max_depth': 10, 'rf__n_estimators': 50, 'tfidf__ngram_range': (1, 1)}",0.40268456375838924,0.3333333333333333,0.4066666666666667,0.174496644295302,0.32929530201342283,0.09400962974085278,26,0.40757238307349664,0.41964285714285715,0.48660714285714285,0.33407572383073497,0.4119745267260579,0.054121236689522456,1.0,1.0,1.0,1.0,1.0,0.0,1,1.0,1.0,1.0,1.0,1.0,0.0,0.5741626794258373,0.5,0.5781990521327014,0.29714285714285715,0.48737614717534894,0.11415862707399946,27,0.5791139240506329,0.5911949685534591,0.6546546546546547,0.5008347245409015,0.5814495679499121,0.054676699248071
31,0.08716809749603271,0.0015013597537595618,0.013437151908874512,7.377764599795577e-05,entropy,10,50,"(2, 2)","{'rf__criterion': 'entropy', 'rf__max_depth': 10, 'rf__n_estimators': 50, 'tfidf__ngram_range': (2, 2)}",0.03355704697986577,0.04,0.04,0.013422818791946308,0.03174496644295302,0.010900411557293287,51,0.08685968819599109,0.05133928571428571,0.05133928571428571,0.0757238307349666,0.06631552258988227,0.015485108528131477,1.0,1.0,1.0,1.0,1.0,0.0,1,1.0,1.0,1.0,1.0,1.0,0.0,0.06493506493506493,0.07692307692307693,0.07692307692307693,0.026490066225165563,0.061317821251596086,0.02069483619886385,51,0.1598360655737705,0.09766454352441614,0.09766454352441614,0.14078674948240166,0.1239879755262511,0.02717135675300076
32,0.13945341110229492,0.0014589711166883134,0.015081286430358887,0.000386839912148198,entropy,10,100,"(1, 1)","{'rf__criterion': 'entropy', 'rf__max_depth': 10, 'rf__n_estimators': 100, 'tfidf__ngram_range': (1, 1)}",0.348993288590604,0.31333333333333335,0.4533333333333333,0.3087248322147651,0.356096196868009,0.05826281125376896,25,0.35412026726057905,0.38392857142857145,0.5334821428571429,0.42316258351893093,0.4236733912663061,0.06796232524969792,1.0,1.0,1.0,1.0,1.0,0.0,1,1.0,1.0,1.0,1.0,1.0,0.0,0.5174129353233831,0.47715736040609136,0.6238532110091743,0.4717948717948718,0.5225545946333802,0.06108458209368365,25,0.5230263157894737,0.5548387096774193,0.6957787481804949,0.594679186228482,0.5920807399689675,0.06502982229139113
33,0.14134657382965088,0.0035337066535890047,0.01650911569595337,0.0003066755011549659,entropy,10,100,"(2, 2)","{'rf__criterion': 'entropy', 'rf__max_depth': 10, 'rf__n_estimators': 100, 'tfidf__ngram_range': (2, 2)}",0.03355704697986577,0.04,0.013333333333333334,0.006711409395973154,0.023400447427293067,0.0137710968760392,57,0.053452115812917596,0.06919642857142858,0.05357142857142857,0.0334075723830735,0.05240688633471206,0.012701489306717361,1.0,1.0,1.0,1.0,1.0,0.0,1,1.0,1.0,1.0,1.0,1.0,0.0,0.06493506493506493,0.07692307692307693,0.02631578947368421,0.013333333333333334,0.04537681616628985,0.026304938667856173,57,0.1014799154334038,0.12943632567849686,0.1016949152542373,0.06465517241379311,0.09931658219498277,0.023016020259666092
34,0.20826125144958496,0.00645073562464001,0.0186007022857666,0.00042846077412082086,entropy,10,150,"(1, 1)","{'rf__criterion': 'entropy', 'rf__max_depth': 10, 'rf__n_estimators': 150, 'tfidf__ngram_range': (1, 1)}",0.3959731543624161,0.3466666666666667,0.42,0.2953020134228188,0.3644854586129754,0.047898845820714325,23,0.3986636971046771,0.42410714285714285,0.5044642857142857,0.42761692650334077,0.43871301304486154,0.03957155590004986,1.0,1.0,1.0,1.0,1.0,0.0,1,1.0,1.0,1.0,1.0,1.0,0.0,0.5673076923076923,0.5148514851485149,0.5915492957746479,0.45595854922279794,0.5324167556134132,0.052125883254624986,22,0.5700636942675159,0.5956112852664577,0.6706231454005934,0.5990639625585024,0.6088405218732673,0.03738759400629955
35,0.195165753364563,0.003877942731236931,0.01936858892440796,0.000759610654796487,entropy,10,150,"(2, 2)","{'rf__criterion': 'entropy', 'rf__max_depth': 10, 'rf__n_estimators': 150, 'tfidf__ngram_range': (2, 2)}",0.026845637583892617,0.02666666666666667,0.04,0.006711409395973154,0.02505592841163311,0.011891637715235468,56,0.062360801781737196,0.024553571428571428,0.03794642857142857,0.0556792873051225,0.045135022271714925,0.014859180689216798,1.0,1.0,1.0,1.0,1.0,0.0,1,1.0,1.0,1.0,1.0,1.0,0.0,0.05228758169934641,0.05194805194805195,0.07692307692307693,0.013333333333333334,0.048623010975952154,0.02275269246036863,54,0.11740041928721175,0.04793028322440087,0.07311827956989247,0.10548523206751055,0.08598355353725391,0.02729881670881852
36,0.09301561117172241,0.0009508797317069944,0.012565016746520996,0.0001472560946812778,entropy,15,50,"(1, 1)","{'rf__criterion': 'entropy', 'rf__max_depth': 15, 'rf__n_estimators': 50, 'tfidf__ngram_range': (1, 1)}",0.5369127516778524,0.5533333333333333,0.5733333333333334,0.5369127516778524,0.5501230425055929,0.01498371728755868,18,0.5968819599109132,0.6584821428571429,0.6852678571428571,0.6369710467706013,0.6444007516703787,0.03233280830917173,1.0,1.0,1.0,1.0,1.0,0.0,1,1.0,1.0,1.0,1.0,1.0,0.0,0.6986899563318777,0.7124463519313304,0.7288135593220338,0.6986899563318777,0.7096599559792799,0.012402684265323049,18,0.7475592747559274,0.7940780619111709,0.8132450331125828,0.7782312925170068,0.783278415574172,0.024062216230250885
37,0.09389305114746094,0.0012312319663314057,0.014036715030670166,0.0006122581770993152,entropy,15,50,"(2, 2)","{'rf__criterion': 'entropy', 'rf__max_depth': 15, 'rf__n_estimators': 50, 'tfidf__ngram_range': (2, 2)}",0.16778523489932887,0.16,0.08666666666666667,0.0738255033557047,0.12206935123042506,0.04215891088426544,38,0.17817371937639198,0.19642857142857142,0.14508928571428573,0.19376391982182628,0.17836387408526885,0.02043727653617806,1.0,1.0,1.0,1.0,1.0,0.0,1,1.0,1.0,1.0,1.0,1.0,0.0,0.28735632183908044,0.27586206896551724,0.15950920245398773,0.1375,0.21505689831464636,0.06712878371358974,39,0.30245746691871456,0.3283582089552239,0.253411306042885,0.3246268656716418,0.3022134618971163,0.029864771981230612
38,0.1708301305770874,0.0028508112406190533,0.016416847705841064,0.00033932866686610136,entropy,15,100,"(1, 1)","{'rf__criterion': 'entropy', 'rf__max_depth': 15, 'rf__n_estimators': 100, 'tfidf__ngram_range': (1, 1)}",0.5906040268456376,0.6866666666666666,0.5533333333333333,0.6510067114093959,0.6204026845637584,0.0517536946979993,10,0.6748329621380846,0.7477678571428571,0.6517857142857143,0.7015590200445434,0.6939863884027999,0.03569853555621584,1.0,1.0,1.0,1.0,1.0,0.0,1,1.0,1.0,1.0,1.0,1.0,0.0,0.7426160337552743,0.8142292490118577,0.7124463519313304,0.7886178861788617,0.7644773802193311,0.0395068312139153,10,0.8058510638297872,0.855683269476373,0.7891891891891892,0.824607329842932,0.8188327130845703,0.02469094688039332
39,0.15542834997177124,0.004138761625490485,0.016687631607055664,0.00013808923364125024,entropy,15,100,"(2, 2)","{'rf__criterion': 'entropy', 'rf__max_depth': 15, 'rf__n_estimators': 100, 'tfidf__ngram_range': (2, 2)}",0.1342281879194631,0.12666666666666668,0.1,0.12751677852348994,0.12210290827740494,0.01309292597545032,37,0.155902004454343,0.17633928571428573,0.14285714285714285,0.22271714922049,0.17445389556156538,0.030312636782752603,1.0,1.0,1.0,1.0,1.0,0.0,1,1.0,1.0,1.0,1.0,1.0,0.0,0.23668639053254437,0.22485207100591717,0.18181818181818182,0.2261904761904762,0.21738677988677987,0.021040649822098946,37,0.2697495183044316,0.2998102466793169,0.25,0.36429872495446264,0.2959646224845528,0.04325597240017139
40,0.24545520544052124,0.007721188778776883,0.019240856170654297,0.0004333308342922091,entropy,15,150,"(1, 1)","{'rf__criterion': 'entropy', 'rf__max_depth': 15, 'rf__n_estimators': 150, 'tfidf__ngram_range': (1, 1)}",0.5973154362416108,0.6266666666666667,0.5533333333333333,0.6644295302013423,0.6104362416107383,0.04065587158577654,12,0.6792873051224945,0.7098214285714286,0.6808035714285714,0.7371937639198218,0.7017765172605792,0.023794595386269848,1.0,1.0,1.0,1.0,1.0,0.0,1,1.0,1.0,1.0,1.0,1.0,0.0,0.7478991596638656,0.7704918032786885,0.7124463519313304,0.7983870967741935,0.7573061029120195,0.031473793027640376,12,0.8090185676392573,0.8302872062663186,0.8100929614873837,0.8487179487179487,0.824529171027727,0.016334280664624747
41,0.2131403088569641,0.00639582248520325,0.019618093967437744,0.000443260836329487,entropy,15,150,"(2, 2)","{'rf__criterion': 'entropy', 'rf__max_depth': 15, 'rf__n_estimators': 150, 'tfidf__ngram_range': (2, 2)}",0.1610738255033557,0.12,0.10666666666666667,0.053691275167785234,0.1103579418344519,0.03837253824501649,42,0.16481069042316257,0.15848214285714285,0.14732142857142858,0.17817371937639198,0.16219699530703152,0.01114865158414225,1.0,1.0,1.0,1.0,1.0,0.0,1,1.0,1.0,1.0,1.0,1.0,0.0,0.2774566473988439,0.21428571428571427,0.1927710843373494,0.10191082802547771,0.1966060685118463,0.06291121055790035,42,0.2829827915869981,0.27360308285163776,0.25680933852140075,0.30245746691871456,0.2789631699696878,0.01648986149750502
42,0.10611933469772339,0.0007935591007733755,0.012850821018218994,0.000262793215178651,entropy,20,50,"(1, 1)","{'rf__criterion': 'entropy', 'rf__max_depth': 20, 'rf__n_estimators': 50, 'tfidf__ngram_range': (1, 1)}",0.738255033557047,0.7,0.66,0.7718120805369127,0.7175167785234899,0.041812295990912886,3,0.844097995545657,0.7946428571428571,0.7857142857142857,0.8240534521158129,0.8121271476296532,0.023279344618952327,1.0,1.0,1.0,1.0,1.0,0.0,1,1.0,1.0,1.0,1.0,1.0,0.0,0.8494208494208494,0.8235294117647058,0.7951807228915663,0.8712121212121212,0.8348357763223107,0.028444331451700614,3,0.9154589371980676,0.8855721393034826,0.88,0.9035409035409036,0.8961429950106133,0.0141436730687725
43,0.10322040319442749,0.003486708337163507,0.014631807804107666,0.0002018667297165681,entropy,20,50,"(2, 2)","{'rf__criterion': 'entropy', 'rf__max_depth': 20, 'rf__n_estimators': 50, 'tfidf__ngram_range': (2, 2)}",0.24161073825503357,0.2,0.21333333333333335,0.18791946308724833,0.21071588366890381,0.01997404588951078,28,0.22717149220489977,0.32589285714285715,0.265625,0.29175946547884185,0.2776122037066497,0.03612175570686447,1.0,1.0,1.0,1.0,1.0,0.0,1,1.0,1.0,1.0,1.0,1.0,0.0,0.3891891891891892,0.3333333333333333,0.3516483516483517,0.3163841807909605,0.34763876374045866,0.02703705302285091,28,0.3702359346642468,0.49158249158249157,0.41975308641975306,0.4517241379310345,0.4333239126493815,0.0444322253565152
44,0.19585460424423218,0.002682566075268163,0.016405045986175537,0.00012144827763589173,entropy,20,100,"(1, 1)","{'rf__criterion': 'entropy', 'rf__max_depth': 20, 'rf__n_estimators': 100, 'tfidf__ngram_range': (1, 1)}",0.7114093959731543,0.7466666666666667,0.6666666666666666,0.6912751677852349,0.7040044742729306,0.029287551304806425,8,0.7951002227171492,0.7946428571428571,0.8080357142857143,0.7951002227171492,0.7982197542157174,0.005670322263917822,1.0,1.0,1.0,1.0,1.0,0.0,1,1.0,1.0,1.0,1.0,1.0,0.0,0.8313725490196079,0.8549618320610687,0.8,0.8174603174603174,0.8259486746352485,0.020103281075535436,7,0.8858560794044665,0.8855721393034826,0.8938271604938272,0.8858560794044665,0.8877778646515607,0.003494485712172617
45,0.16919857263565063,0.004061637325985301,0.01764744520187378,0.0002592739496353495,entropy,20,100,"(2, 2)","{'rf__criterion': 'entropy', 'rf__max_depth': 20, 'rf__n_estimators': 100, 'tfidf__ngram_range': (2, 2)}",0.20134228187919462,0.2,0.19333333333333333,0.1476510067114094,0.18558165548098435,0.022108305163108084,33,0.2561247216035635,0.2924107142857143,0.2611607142857143,0.267260579064588,0.269239182309895,0.013947091902475396,1.0,1.0,1.0,1.0,1.0,0.0,1,1.0,1.0,1.0,1.0,1.0,0.0,0.33519553072625696,0.3333333333333333,0.3240223463687151,0.2573099415204678,0.3124652879871933,0.03212404509804043,33,0.4078014184397163,0.4525043177892919,0.41415929203539825,0.421792618629174,0.42406441172339515,0.017150697124887582
46,0.28735852241516113,0.00332140718458925,0.020881474018096924,0.00047827047385114413,entropy,20,150,"(1, 1)","{'rf__criterion': 'entropy', 'rf__max_depth': 20, 'rf__n_estimators': 150, 'tfidf__ngram_range': (1, 1)}",0.7248322147651006,0.74,0.66,0.7114093959731543,0.7090604026845638,0.03007677517365562,5,0.8084632516703786,0.8169642857142857,0.8147321428571429,0.8151447661469933,0.8138261115972001,0.0032081203939977793,1.0,1.0,1.0,1.0,1.0,0.0,1,1.0,1.0,1.0,1.0,1.0,0.0,0.8404669260700389,0.8505747126436781,0.7951807228915663,0.8313725490196079,0.8293987276562228,0.020890758585826577,5,0.8940886699507389,0.8992628992628993,0.897908979089791,0.898159509202454,0.8973550143764708,0.0019534021268040143
47,0.23946189880371094,0.010787813022173423,0.020635604858398438,0.00017782278343625874,entropy,20,150,"(2, 2)","{'rf__criterion': 'entropy', 'rf__max_depth': 20, 'rf__n_estimators': 150, 'tfidf__ngram_range': (2, 2)}",0.24161073825503357,0.22,0.18,0.19463087248322147,0.20906040268456377,0.02362158695555054,29,0.24053452115812918,0.3013392857142857,0.24330357142857142,0.30066815144766146,0.27146138243716195,0.02955950578763909,1.0,1.0,1.0,1.0,1.0,0.0,1,1.0,1.0,1.0,1.0,1.0,0.0,0.3891891891891892,0.36065573770491804,0.3050847457627119,0.3258426966292135,0.3451930923215082,0.03224076309182346,29,0.3877917414721723,0.4631217838765009,0.39138240574506283,0.4623287671232877,0.4261561745542559,0.036592203570688715
48,0.06491142511367798,0.001342545914904247,0.011346578598022461,0.0002672730227445197,log_loss,5,50,"(1, 1)","{'rf__criterion': 'log_loss', 'rf__max_depth': 5, 'rf__n_estimators': 50, 'tfidf__ngram_range': (1, 1)}",0.0,0.04666666666666667,0.02666666666666667,0.040268456375838924,0.028400447427293064,0.01791714131425534,53,0.0022271714922048997,0.06473214285714286,0.024553571428571428,0.0757238307349666,0.04180917912822145,0.029749610019739088,0.0,1.0,1.0,1.0,0.75,0.4330127018922193,59,1.0,1.0,1.0,1.0,1.0,0.0,0.0,0.08917197452229299,0.05194805194805195,0.07741935483870968,0.054634845327263655,0.03429333881859537,53,0.0044444444444444444,0.12159329140461216,0.04793028322440087,0.14078674948240166,0.07868869213896479,0.055125451015514096
49,0.07580846548080444,0.0014450739815291165,0.012808144092559814,0.0002188990540511005,log_loss,5,50,"(2, 2)","{'rf__criterion': 'log_loss', 'rf__max_depth': 5, 'rf__n_estimators': 50, 'tfidf__ngram_range': (2, 2)}",0.0,0.0,0.0,0.0,0.0,0.0,64,0.0,0.0,0.0,0.0,0.0,0.0,0.0,0.0,0.0,0.0,0.0,0.0,64,0.0,0.0,0.0,0.0,0.0,0.0,0.0,0.0,0.0,0.0,0.0,0.0,64,0.0,0.0,0.0,0.0,0.0,0.0
50,0.11266297101974487,0.0020550343023973397,0.01375269889831543,0.00010041994131871665,log_loss,5,100,"(1, 1)","{'rf__criterion': 'log_loss', 'rf__max_depth': 5, 'rf__n_estimators': 100, 'tfidf__ngram_range': (1, 1)}",0.053691275167785234,0.05333333333333334,0.02,0.026845637583892617,0.038467561521252795,0.015238705434743371,47,0.035634743875278395,0.033482142857142856,0.020089285714285716,0.0935412026726058,0.04568684377982819,0.02826337772215499,1.0,1.0,1.0,1.0,1.0,0.0,1,1.0,1.0,1.0,1.0,1.0,0.0,0.10191082802547771,0.10126582278481013,0.0392156862745098,0.05228758169934641,0.07366997969603602,0.028299210896296348,47,0.06881720430107527,0.06479481641468683,0.03938730853391685,0.1710794297352342,0.0860196897462283,0.05038888542614907
51,0.12469756603240967,0.00551880411766595,0.015740931034088135,0.00029479598653909004,log_loss,5,100,"(2, 2)","{'rf__criterion': 'log_loss', 'rf__max_depth': 5, 'rf__n_estimators': 100, 'tfidf__ngram_range': (2, 2)}",0.0,0.0,0.0,0.0,0.0,0.0,64,0.0,0.0,0.0,0.0,0.0,0.0,0.0,0.0,0.0,0.0,0.0,0.0,64,0.0,0.0,0.0,0.0,0.0,0.0,0.0,0.0,0.0,0.0,0.0,0.0,64,0.0,0.0,0.0,0.0,0.0,0.0
52,0.1633191704750061,0.0027373160208772995,0.01701176166534424,0.00030121130423996586,log_loss,5,150,"(1, 1)","{'rf__criterion': 'log_loss', 'rf__max_depth': 5, 'rf__n_estimators': 150, 'tfidf__ngram_range': (1, 1)}",0.0,0.02,0.02666666666666667,0.006711409395973154,0.013344519015659955,0.010533866528419507,61,0.008908685968819599,0.011160714285714286,0.024553571428571428,0.062360801781737196,0.026745943366210626,0.02141431619047922,0.0,1.0,1.0,1.0,0.75,0.4330127018922193,59,1.0,1.0,1.0,1.0,1.0,0.0,0.0,0.0392156862745098,0.05194805194805195,0.013333333333333334,0.026124267888973773,0.020520346232560223,61,0.017660044150110375,0.02207505518763797,0.04793028322440087,0.11740041928721175,0.05126645046234024,0.039894736330984726
53,0.17761069536209106,0.004840072996179178,0.01879340410232544,0.0002942121190492456,log_loss,5,150,"(2, 2)","{'rf__criterion': 'log_loss', 'rf__max_depth': 5, 'rf__n_estimators': 150, 'tfidf__ngram_range': (2, 2)}",0.0,0.0,0.0,0.0,0.0,0.0,64,0.0,0.0,0.0,0.0,0.0,0.0,0.0,0.0,0.0,0.0,0.0,0.0,64,0.0,0.0,0.0,0.0,0.0,0.0,0.0,0.0,0.0,0.0,0.0,0.0,64,0.0,0.0,0.0,0.0,0.0,0.0
54,0.08226323127746582,0.0025235944659508075,0.01240450143814087,0.00018387918920179086,log_loss,10,50,"(1, 1)","{'rf__criterion': 'log_loss', 'rf__max_depth': 10, 'rf__n_estimators': 50, 'tfidf__ngram_range': (1, 1)}",0.3691275167785235,0.30666666666666664,0.38666666666666666,0.24161073825503357,0.32601789709172263,0.05708710699961274,27,0.3986636971046771,0.36160714285714285,0.4799107142857143,0.38084632516703787,0.405256969853643,0.04504952767263867,1.0,1.0,1.0,1.0,1.0,0.0,1,1.0,1.0,1.0,1.0,1.0,0.0,0.5392156862745098,0.46938775510204084,0.5576923076923077,0.3891891891891892,0.48887123456451187,0.06630803131336005,26,0.5700636942675159,0.5311475409836065,0.6485671191553545,0.5516129032258065,0.5753478144080708,0.044457841527009594
55,0.08932268619537354,0.0029604982549949147,0.013785898685455322,0.0001456998326254861,log_loss,10,50,"(2, 2)","{'rf__criterion': 'log_loss', 'rf__max_depth': 10, 'rf__n_estimators': 50, 'tfidf__ngram_range': (2, 2)}",0.053691275167785234,0.006666666666666667,0.0,0.006711409395973154,0.016767337807606263,0.021492242909071303,60,0.060133630289532294,0.03125,0.017857142857142856,0.0645879732739421,0.04345718660515431,0.01955116086012036,1.0,1.0,0.0,1.0,0.75,0.4330127018922193,59,1.0,1.0,1.0,1.0,1.0,0.0,0.10191082802547771,0.013245033112582781,0.0,0.013333333333333334,0.032122298617848453,0.040656048980418545,60,0.1134453781512605,0.06060606060606061,0.03508771929824561,0.12133891213389121,0.08261951754736448,0.03603224018299293
56,0.1412113904953003,0.005299690683743407,0.014939069747924805,0.00042217262593497216,log_loss,10,100,"(1, 1)","{'rf__criterion': 'log_loss', 'rf__max_depth': 10, 'rf__n_estimators': 100, 'tfidf__ngram_range': (1, 1)}",0.38926174496644295,0.41333333333333333,0.3466666666666667,0.28187919463087246,0.35778523489932884,0.049904186784326704,24,0.43207126948775054,0.4799107142857143,0.42857142857142855,0.41870824053452116,0.4398154132198536,0.023661914859368118,1.0,1.0,1.0,1.0,1.0,0.0,1,1.0,1.0,1.0,1.0,1.0,0.0,0.5603864734299517,0.5849056603773585,0.5148514851485149,0.4397905759162304,0.5249835487180139,0.055237052489375035,24,0.6034214618973561,0.6485671191553545,0.6,0.5902668759811617,0.6105638642584681,0.022465664109069815
57,0.1381884217262268,0.005748446175852574,0.016149461269378662,0.0005926473824322988,log_loss,10,100,"(2, 2)","{'rf__criterion': 'log_loss', 'rf__max_depth': 10, 'rf__n_estimators': 100, 'tfidf__ngram_range': (2, 2)}",0.03355704697986577,0.05333333333333334,0.0,0.013422818791946308,0.025078299776286353,0.020217612569846454,55,0.051224944320712694,0.06473214285714286,0.029017857142857144,0.10467706013363029,0.06241300111358575,0.027531969412406557,1.0,1.0,0.0,1.0,0.75,0.4330127018922193,59,1.0,1.0,1.0,1.0,1.0,0.0,0.06493506493506493,0.10126582278481013,0.0,0.026490066225165563,0.04817273848626016,0.03837512930908796,56,0.09745762711864407,0.12159329140461216,0.05639913232104121,0.18951612903225806,0.11624154496913887,0.048300506676669706
58,0.19814467430114746,0.002880543169291497,0.01734691858291626,0.00011420130169087122,log_loss,10,150,"(1, 1)","{'rf__criterion': 'log_loss', 'rf__max_depth': 10, 'rf__n_estimators': 150, 'tfidf__ngram_range': (1, 1)}",0.3825503355704698,0.29333333333333333,0.46,0.4228187919463087,0.38967561521252797,0.06200119786627267,19,0.4053452115812918,0.3861607142857143,0.5,0.5233853006681515,0.4537228066337894,0.05894800617165615,1.0,1.0,1.0,1.0,1.0,0.0,1,1.0,1.0,1.0,1.0,1.0,0.0,0.5533980582524272,0.4536082474226804,0.6301369863013698,0.5943396226415094,0.5578707286544966,0.06603609239662166,19,0.5768621236133122,0.5571658615136876,0.6666666666666666,0.6871345029239766,0.6219572886794108,0.055853604814728015
59,0.19073748588562012,0.008181332574369342,0.01826375722885132,0.00015687565442093252,log_loss,10,150,"(2, 2)","{'rf__criterion': 'log_loss', 'rf__max_depth': 10, 'rf__n_estimators': 150, 'tfidf__ngram_range': (2, 2)}",0.026845637583892617,0.013333333333333334,0.04,0.006711409395973154,0.021722595078299777,0.0128064876468994,58,0.0400890868596882,0.020089285714285716,0.05133928571428571,0.05790645879732739,0.042356029271396756,0.014348010761912175,1.0,1.0,1.0,1.0,1.0,0.0,1,1.0,1.0,1.0,1.0,1.0,0.0,0.05228758169934641,0.02631578947368421,0.07692307692307693,0.013333333333333334,0.04221494535736022,0.024459369731152338,58,0.07708779443254818,0.03938730853391685,0.09766454352441614,0.10947368421052632,0.08090333267535188,0.026623963682013745
60,0.09194165468215942,0.0019122867539723106,0.012267053127288818,0.00010156300910419453,log_loss,15,50,"(1, 1)","{'rf__criterion': 'log_loss', 'rf__max_depth': 15, 'rf__n_estimators': 50, 'tfidf__ngram_range': (1, 1)}",0.6510067114093959,0.56,0.5666666666666667,0.6241610738255033,0.6004586129753915,0.038391769641646964,13,0.732739420935412,0.671875,0.6964285714285714,0.6748329621380846,0.693968988625517,0.024308063539561407,1.0,1.0,1.0,1.0,1.0,0.0,1,1.0,1.0,1.0,1.0,1.0,0.0,0.7886178861788617,0.717948717948718,0.723404255319149,0.768595041322314,0.7496414751922607,0.029879846263036896,13,0.8457583547557841,0.8037383177570093,0.8210526315789474,0.8058510638297872,0.819100091980382,0.016777933717471622
61,0.09142017364501953,0.0006442960485938379,0.0135231614112854,0.00017809368154302258,log_loss,15,50,"(2, 2)","{'rf__criterion': 'log_loss', 'rf__max_depth': 15, 'rf__n_estimators': 50, 'tfidf__ngram_range': (2, 2)}",0.0738255033557047,0.14,0.14,0.09395973154362416,0.11194630872483222,0.028942753622501552,41,0.155902004454343,0.171875,0.14955357142857142,0.19821826280623608,0.16888720967228762,0.01878591687461582,1.0,1.0,1.0,1.0,1.0,0.0,1,1.0,1.0,1.0,1.0,1.0,0.0,0.1375,0.24561403508771928,0.24561403508771928,0.17177914110429449,0.20012680281993325,0.04707409838477557,41,0.2697495183044316,0.29333333333333333,0.26019417475728157,0.3308550185873606,0.28853301124560177,0.027249333286176885
62,0.16624736785888672,0.0031820648089586714,0.015561938285827637,0.0001154997761009333,log_loss,15,100,"(1, 1)","{'rf__criterion': 'log_loss', 'rf__max_depth': 15, 'rf__n_estimators': 100, 'tfidf__ngram_range': (1, 1)}",0.6442953020134228,0.58,0.5533333333333333,0.5436241610738255,0.5803131991051453,0.03926769109259384,16,0.6815144766146993,0.6941964285714286,0.6852678571428571,0.6414253897550112,0.6756010380209991,0.0202619078078775,1.0,1.0,1.0,1.0,1.0,0.0,1,1.0,1.0,1.0,1.0,1.0,0.0,0.7836734693877551,0.7341772151898734,0.7124463519313304,0.7043478260869566,0.7336612156489788,0.03086598868387019,16,0.8105960264900662,0.8194993412384717,0.8132450331125828,0.7815468113975577,0.8062218030596696,0.014608283819549222
63,0.15096312761306763,0.002979770554901986,0.01639378070831299,7.4531741396591e-05,log_loss,15,100,"(2, 2)","{'rf__criterion': 'log_loss', 'rf__max_depth': 15, 'rf__n_estimators': 100, 'tfidf__ngram_range': (2, 2)}",0.1342281879194631,0.11333333333333333,0.11333333333333333,0.09395973154362416,0.11371364653243848,0.014242128018348203,40,0.1358574610244989,0.14508928571428573,0.14955357142857142,0.2026726057906459,0.1582932309895005,0.026094149256752998,1.0,1.0,1.0,1.0,1.0,0.0,1,1.0,1.0,1.0,1.0,1.0,0.0,0.23668639053254437,0.20359281437125748,0.20359281437125748,0.17177914110429449,0.20391279009483845,0.022950408776453456,40,0.23921568627450981,0.253411306042885,0.26019417475728157,0.337037037037037,0.2724645510279283,0.03804169171800521
64,0.23848497867584229,0.006031693798308351,0.01872563362121582,0.00021857828626573977,log_loss,15,150,"(1, 1)","{'rf__criterion': 'log_loss', 'rf__max_depth': 15, 'rf__n_estimators': 150, 'tfidf__ngram_range': (1, 1)}",0.610738255033557,0.5866666666666667,0.5666666666666667,0.610738255033557,0.5937024608501119,0.01844500700625254,15,0.6748329621380846,0.6785714285714286,0.6941964285714286,0.7015590200445434,0.6872899598313713,0.010982884055266028,1.0,1.0,1.0,1.0,1.0,0.0,1,1.0,1.0,1.0,1.0,1.0,0.0,0.7583333333333333,0.7394957983193278,0.723404255319149,0.7583333333333333,0.7448916800762858,0.014596070080625129,15,0.8058510638297872,0.8085106382978723,0.8194993412384717,0.824607329842932,0.8146170933022658,0.007709948710628583
65,0.21065330505371094,0.004515817503326704,0.019355475902557373,0.00012120077998386889,log_loss,15,150,"(2, 2)","{'rf__criterion': 'log_loss', 'rf__max_depth': 15, 'rf__n_estimators': 150, 'tfidf__ngram_range': (2, 2)}",0.09395973154362416,0.09333333333333334,0.09333333333333334,0.06040268456375839,0.08525727069351231,0.014352080441992645,45,0.1403118040089087,0.14285714285714285,0.16071428571428573,0.1915367483296214,0.15885499522748966,0.020440983146458837,1.0,1.0,1.0,1.0,1.0,0.0,1,1.0,1.0,1.0,1.0,1.0,0.0,0.17177914110429449,0.17073170731707318,0.17073170731707318,0.11392405063291139,0.1567916515928381,0.02475331473310738,45,0.24609375,0.25,0.27692307692307694,0.32149532710280376,0.27362803850647016,0.030077216638813072
66,0.10478174686431885,0.0018126074005373636,0.012768268585205078,0.0002036421976202671,log_loss,20,50,"(1, 1)","{'rf__criterion': 'log_loss', 'rf__max_depth': 20, 'rf__n_estimators': 50, 'tfidf__ngram_range': (1, 1)}",0.6912751677852349,0.7066666666666667,0.6333333333333333,0.785234899328859,0.7041275167785235,0.05422604095505558,7,0.7750556792873051,0.7946428571428571,0.7678571428571429,0.8329621380846325,0.7926294543429844,0.025265016102792755,1.0,1.0,1.0,1.0,1.0,0.0,1,1.0,1.0,1.0,1.0,1.0,0.0,0.8174603174603174,0.828125,0.7755102040816326,0.8796992481203008,0.8251986924155628,0.0371069473551216,8,0.8732747804265998,0.8855721393034826,0.8686868686868687,0.9088699878493317,0.8841009440665707,0.015576179604672053
67,0.10055339336395264,0.0012871732932683956,0.013880133628845215,0.00012915956567149492,log_loss,20,50,"(2, 2)","{'rf__criterion': 'log_loss', 'rf__max_depth': 20, 'rf__n_estimators': 50, 'tfidf__ngram_range': (2, 2)}",0.174496644295302,0.19333333333333333,0.17333333333333334,0.1476510067114094,0.17220357941834452,0.016246767505227685,35,0.22048997772828507,0.2767857142857143,0.23660714285714285,0.26057906458797325,0.24861547486477886,0.021632923374328556,1.0,1.0,1.0,1.0,1.0,0.0,1,1.0,1.0,1.0,1.0,1.0,0.0,0.29714285714285715,0.3240223463687151,0.29545454545454547,0.2573099415204678,0.29348242262164637,0.02376143609319523,35,0.3613138686131387,0.43356643356643354,0.38267148014440433,0.4134275618374558,0.3977448360403581,0.027764888723873424
68,0.1948561668395996,0.001929465969128127,0.016257822513580322,0.00015982817395645903,log_loss,20,100,"(1, 1)","{'rf__criterion': 'log_loss', 'rf__max_depth': 20, 'rf__n_estimators': 100, 'tfidf__ngram_range': (1, 1)}",0.6778523489932886,0.7666666666666667,0.6866666666666666,0.697986577181208,0.7072930648769574,0.03501442330521274,6,0.7594654788418709,0.8325892857142857,0.8035714285714286,0.8017817371937639,0.7993519825803372,0.026073736460516528,1.0,1.0,1.0,1.0,1.0,0.0,1,1.0,1.0,1.0,1.0,1.0,0.0,0.808,0.8679245283018868,0.8142292490118577,0.8221343873517787,0.8280720411663808,0.02354775039640699,6,0.8632911392405064,0.9086479902557856,0.8910891089108911,0.8899876390605687,0.8882539693669379,0.016202643324286115
69,0.1703265905380249,0.003939650101468539,0.01816326379776001,0.0005083441491103861,log_loss,20,100,"(2, 2)","{'rf__criterion': 'log_loss', 'rf__max_depth': 20, 'rf__n_estimators': 100, 'tfidf__ngram_range': (2, 2)}",0.2483221476510067,0.2,0.15333333333333332,0.2080536912751678,0.20242729306487697,0.03374204598141607,30,0.2806236080178174,0.27455357142857145,0.23660714285714285,0.27839643652561247,0.267545189707286,0.017993573437969344,1.0,1.0,1.0,1.0,1.0,0.0,1,1.0,1.0,1.0,1.0,1.0,0.0,0.3978494623655914,0.3333333333333333,0.2658959537572254,0.34444444444444444,0.3353807984751487,0.04694896006700971,30,0.43826086956521737,0.4308231173380035,0.38267148014440433,0.4355400696864111,0.4218238841835091,0.022760740171393644
70,0.28478002548217773,0.0036868760182869084,0.020399808883666992,5.755549929626081e-05,log_loss,20,150,"(1, 1)","{'rf__criterion': 'log_loss', 'rf__max_depth': 20, 'rf__n_estimators': 150, 'tfidf__ngram_range': (1, 1)}",0.738255033557047,0.78,0.6533333333333333,0.7315436241610739,0.7257829977628635,0.04576345075735753,2,0.8129175946547884,0.8325892857142857,0.8035714285714286,0.8151447661469933,0.8160557687718739,0.010486825011617639,1.0,0.9915254237288136,1.0,1.0,0.9978813559322034,0.0036695991685781206,58,1.0,1.0,1.0,1.0,1.0,0.0,0.8494208494208494,0.8731343283582089,0.7903225806451613,0.8449612403100775,0.8394597496835743,0.030322963810918858,2,0.8968058968058968,0.9086479902557856,0.8910891089108911,0.898159509202454,0.8986756262937569,0.006339667858046696
71,0.23497170209884644,0.006707057004568797,0.021150588989257812,0.00045957947127028023,log_loss,20,150,"(2, 2)","{'rf__criterion': 'log_loss', 'rf__max_depth': 20, 'rf__n_estimators': 150, 'tfidf__ngram_range': (2, 2)}",0.24161073825503357,0.20666666666666667,0.19333333333333333,0.15436241610738255,0.19899328859060403,0.03122129729498066,31,0.2828507795100223,0.25669642857142855,0.27232142857142855,0.26948775055679286,0.2703390968024181,0.009318248632508443,1.0,1.0,1.0,1.0,1.0,0.0,1,1.0,1.0,1.0,1.0,1.0,0.0,0.3891891891891892,0.3425414364640884,0.3240223463687151,0.26744186046511625,0.33079870812177725,0.04361005953849073,32,0.4409722222222222,0.40852575488454707,0.4280701754385965,0.4245614035087719,0.4255323890135344,0.011565003531117316
