,mean_fit_time,std_fit_time,mean_score_time,std_score_time,param_svc__C,param_svc__gamma,param_svc__kernel,param_tfidf__max_df,param_tfidf__ngram_range,params,split0_test_recall,split1_test_recall,split2_test_recall,split3_test_recall,mean_test_recall,std_test_recall,rank_test_recall,split0_train_recall,split1_train_recall,split2_train_recall,split3_train_recall,mean_train_recall,std_train_recall,split0_test_precision,split1_test_precision,split2_test_precision,split3_test_precision,mean_test_precision,std_test_precision,rank_test_precision,split0_train_precision,split1_train_precision,split2_train_precision,split3_train_precision,mean_train_precision,std_train_precision,split0_test_f1,split1_test_f1,split2_test_f1,split3_test_f1,mean_test_f1,std_test_f1,rank_test_f1,split0_train_f1,split1_train_f1,split2_train_f1,split3_train_f1,mean_train_f1,std_train_f1
0,0.1560407280921936,0.0021862848463375982,0.047017693519592285,0.0004921223268119599,0.1,scale,linear,0.8,"(1, 1)","{'svc__C': 0.1, 'svc__gamma': 'scale', 'svc__kernel': 'linear', 'tfidf__max_df': 0.8, 'tfidf__ngram_range': (1, 1)}",0.7516778523489933,0.8333333333333334,0.7533333333333333,0.8120805369127517,0.7876062639821029,0.03590069443851214,33,0.799554565701559,0.7834821428571429,0.8058035714285714,0.7661469933184856,0.7887468183264398,0.015380256238914246,0.9572649572649573,0.984251968503937,0.9826086956521739,0.9453125,0.9673595303552671,0.01662726271985787,41,0.9862637362637363,0.9804469273743017,0.978319783197832,0.9885057471264368,0.9833840484905767,0.004147223830299715,0.8421052631578947,0.9025270758122743,0.8528301886792453,0.8736462093862816,0.8677771842589239,0.023045935806512447,41,0.8831488314883149,0.8709677419354839,0.8837209302325582,0.863237139272271,0.8752686607321569,0.008613845859848146
1,0.3162592649459839,0.0031858017105345156,0.09104394912719727,0.0008670076631559012,0.1,scale,linear,0.8,"(1, 2)","{'svc__C': 0.1, 'svc__gamma': 'scale', 'svc__kernel': 'linear', 'tfidf__max_df': 0.8, 'tfidf__ngram_range': (1, 2)}",0.7248322147651006,0.78,0.7266666666666667,0.7516778523489933,0.7457941834451902,0.02241607389245849,45,0.7238307349665924,0.7098214285714286,0.7165178571428571,0.6904231625835189,0.7101482958160992,0.012419422046143727,0.9557522123893806,0.9831932773109243,0.9732142857142857,0.9411764705882353,0.9633340615007064,0.016128007890768337,57,0.9969325153374233,0.99375,0.9938080495356038,0.9967845659163987,0.9953187826973564,0.0015407828624101633,0.8244274809160306,0.8698884758364313,0.8320610687022901,0.835820895522388,0.840549480244285,0.017429200847103133,47,0.8387096774193549,0.828125,0.8326848249027238,0.8157894736842105,0.8288272440015724,0.008411599463714656
2,0.4352954030036926,0.005351558983221027,0.06896859407424927,0.0033787769215580495,0.1,scale,linear,0.8,"(2, 2)","{'svc__C': 0.1, 'svc__gamma': 'scale', 'svc__kernel': 'linear', 'tfidf__max_df': 0.8, 'tfidf__ngram_range': (2, 2)}",0.12751677852348994,0.13333333333333333,0.18666666666666668,0.1342281879194631,0.14543624161073826,0.023943454032081337,61,0.11804008908685969,0.08035714285714286,0.12946428571428573,0.1403118040089087,0.11704333041679925,0.022597410688602573,0.9047619047619048,1.0,1.0,0.9523809523809523,0.9642857142857142,0.0394836284566119,53,1.0,1.0,1.0,1.0,1.0,0.0,0.2235294117647059,0.23529411764705882,0.3146067415730337,0.23529411764705882,0.25218109715796433,0.03636007532484781,61,0.21115537848605578,0.1487603305785124,0.22924901185770752,0.24609375,0.20881461773056892,0.03680792962243687
3,0.552014172077179,0.008000084891091839,0.08228117227554321,0.0011869535213028973,0.1,scale,linear,0.8,"(2, 3)","{'svc__C': 0.1, 'svc__gamma': 'scale', 'svc__kernel': 'linear', 'tfidf__max_df': 0.8, 'tfidf__ngram_range': (2, 3)}",0.03355704697986577,0.03333333333333333,0.02666666666666667,0.040268456375838924,0.033456375838926175,0.004809622283039776,65,0.022271714922048998,0.015625,0.011160714285714286,0.0400890868596882,0.02228662901686287,0.011012390833044563,1.0,1.0,1.0,0.8571428571428571,0.9642857142857143,0.06185895741317421,49,1.0,1.0,1.0,1.0,1.0,0.0,0.06493506493506493,0.06451612903225806,0.05194805194805195,0.07692307692307693,0.06458058070961296,0.00883243750014466,65,0.04357298474945534,0.03076923076923077,0.02207505518763797,0.07708779443254818,0.043376266284718065,0.02091162814624579
4,0.1536877155303955,0.0036271600238877355,0.0465242862701416,0.0009147757217768576,0.1,scale,linear,0.9,"(1, 1)","{'svc__C': 0.1, 'svc__gamma': 'scale', 'svc__kernel': 'linear', 'tfidf__max_df': 0.9, 'tfidf__ngram_range': (1, 1)}",0.7516778523489933,0.8333333333333334,0.7533333333333333,0.8120805369127517,0.7876062639821029,0.03590069443851214,33,0.799554565701559,0.7834821428571429,0.8058035714285714,0.7661469933184856,0.7887468183264398,0.015380256238914246,0.9572649572649573,0.984251968503937,0.9826086956521739,0.9453125,0.9673595303552671,0.01662726271985787,41,0.9862637362637363,0.9804469273743017,0.978319783197832,0.9885057471264368,0.9833840484905767,0.004147223830299715,0.8421052631578947,0.9025270758122743,0.8528301886792453,0.8736462093862816,0.8677771842589239,0.023045935806512447,41,0.8831488314883149,0.8709677419354839,0.8837209302325582,0.863237139272271,0.8752686607321569,0.008613845859848146
5,0.31942301988601685,0.003402908503825728,0.09214502573013306,0.0007235675379910366,0.1,scale,linear,0.9,"(1, 2)","{'svc__C': 0.1, 'svc__gamma': 'scale', 'svc__kernel': 'linear', 'tfidf__max_df': 0.9, 'tfidf__ngram_range': (1, 2)}",0.7248322147651006,0.78,0.7266666666666667,0.7516778523489933,0.7457941834451902,0.02241607389245849,45,0.7238307349665924,0.7098214285714286,0.7165178571428571,0.6904231625835189,0.7101482958160992,0.012419422046143727,0.9557522123893806,0.9831932773109243,0.9732142857142857,0.9411764705882353,0.9633340615007064,0.016128007890768337,57,0.9969325153374233,0.99375,0.9938080495356038,0.9967845659163987,0.9953187826973564,0.0015407828624101633,0.8244274809160306,0.8698884758364313,0.8320610687022901,0.835820895522388,0.840549480244285,0.017429200847103133,47,0.8387096774193549,0.828125,0.8326848249027238,0.8157894736842105,0.8288272440015724,0.008411599463714656
6,0.43819868564605713,0.006771861733301337,0.06771564483642578,0.0005381832202854959,0.1,scale,linear,0.9,"(2, 2)","{'svc__C': 0.1, 'svc__gamma': 'scale', 'svc__kernel': 'linear', 'tfidf__max_df': 0.9, 'tfidf__ngram_range': (2, 2)}",0.12751677852348994,0.13333333333333333,0.18666666666666668,0.1342281879194631,0.14543624161073826,0.023943454032081337,61,0.11804008908685969,0.08035714285714286,0.12946428571428573,0.1403118040089087,0.11704333041679925,0.022597410688602573,0.9047619047619048,1.0,1.0,0.9523809523809523,0.9642857142857142,0.0394836284566119,53,1.0,1.0,1.0,1.0,1.0,0.0,0.2235294117647059,0.23529411764705882,0.3146067415730337,0.23529411764705882,0.25218109715796433,0.03636007532484781,61,0.21115537848605578,0.1487603305785124,0.22924901185770752,0.24609375,0.20881461773056892,0.03680792962243687
7,0.5458844304084778,0.008565522483637438,0.0814637541770935,0.0010091851417813218,0.1,scale,linear,0.9,"(2, 3)","{'svc__C': 0.1, 'svc__gamma': 'scale', 'svc__kernel': 'linear', 'tfidf__max_df': 0.9, 'tfidf__ngram_range': (2, 3)}",0.03355704697986577,0.03333333333333333,0.02666666666666667,0.040268456375838924,0.033456375838926175,0.004809622283039776,65,0.022271714922048998,0.015625,0.011160714285714286,0.0400890868596882,0.02228662901686287,0.011012390833044563,1.0,1.0,1.0,0.8571428571428571,0.9642857142857143,0.06185895741317421,49,1.0,1.0,1.0,1.0,1.0,0.0,0.06493506493506493,0.06451612903225806,0.05194805194805195,0.07692307692307693,0.06458058070961296,0.00883243750014466,65,0.04357298474945534,0.03076923076923077,0.02207505518763797,0.07708779443254818,0.043376266284718065,0.02091162814624579
8,0.31077420711517334,0.0029391602114710444,0.10355037450790405,0.0019348400885271396,0.1,scale,rbf,0.8,"(1, 1)","{'svc__C': 0.1, 'svc__gamma': 'scale', 'svc__kernel': 'rbf', 'tfidf__max_df': 0.8, 'tfidf__ngram_range': (1, 1)}",0.5369127516778524,0.5733333333333334,0.5733333333333334,0.6241610738255033,0.5769351230425056,0.031056506625933233,57,0.6102449888641426,0.5803571428571429,0.5982142857142857,0.5879732739420935,0.5941974228444162,0.01122444811735988,0.975609756097561,0.9885057471264368,1.0,0.9789473684210527,0.9857657179112626,0.009483617411275225,21,0.9963636363636363,0.9923664122137404,0.9925925925925926,0.9962264150943396,0.9943872640660771,0.0019100531321242262,0.6926406926406926,0.7257383966244726,0.7288135593220338,0.7622950819672131,0.727371932638603,0.02465072067011779,57,0.7569060773480663,0.7323943661971831,0.7465181058495822,0.7394957983193278,0.7438285869285399,0.009052192118003182
9,0.6017869114875793,0.001937399205476691,0.18353056907653809,0.0022434383647994033,0.1,scale,rbf,0.8,"(1, 2)","{'svc__C': 0.1, 'svc__gamma': 'scale', 'svc__kernel': 'rbf', 'tfidf__max_df': 0.8, 'tfidf__ngram_range': (1, 2)}",0.2953020134228188,0.28,0.36,0.2751677852348993,0.30261744966442955,0.03395329806158809,59,0.2873051224944321,0.28794642857142855,0.26339285714285715,0.2739420935412027,0.27814662543748014,0.01018903794728162,0.9565217391304348,1.0,1.0,0.9761904761904762,0.9831780538302277,0.01820261726046136,27,1.0,1.0,1.0,1.0,1.0,0.0,0.4512820512820513,0.4375,0.5294117647058824,0.4293193717277487,0.4618782969289206,0.039772586863318485,59,0.4463667820069204,0.44714038128249567,0.4169611307420495,0.43006993006993005,0.4351345560253489,0.012512259620090631
10,0.4976685643196106,0.005116792001128218,0.10915756225585938,0.001073307443718566,0.1,scale,rbf,0.8,"(2, 2)","{'svc__C': 0.1, 'svc__gamma': 'scale', 'svc__kernel': 'rbf', 'tfidf__max_df': 0.8, 'tfidf__ngram_range': (2, 2)}",0.0,0.0,0.0,0.0,0.0,0.0,69,0.0,0.0,0.0,0.0,0.0,0.0,0.0,0.0,0.0,0.0,0.0,0.0,69,0.0,0.0,0.0,0.0,0.0,0.0,0.0,0.0,0.0,0.0,0.0,0.0,69,0.0,0.0,0.0,0.0,0.0,0.0
11,0.6060816049575806,0.0025387099228000483,0.1329973340034485,0.0017773517760683347,0.1,scale,rbf,0.8,"(2, 3)","{'svc__C': 0.1, 'svc__gamma': 'scale', 'svc__kernel': 'rbf', 'tfidf__max_df': 0.8, 'tfidf__ngram_range': (2, 3)}",0.0,0.0,0.0,0.0,0.0,0.0,69,0.0,0.0,0.0,0.0,0.0,0.0,0.0,0.0,0.0,0.0,0.0,0.0,69,0.0,0.0,0.0,0.0,0.0,0.0,0.0,0.0,0.0,0.0,0.0,0.0,69,0.0,0.0,0.0,0.0,0.0,0.0
12,0.3124046325683594,0.006320800045843263,0.10495895147323608,0.0014687384602093381,0.1,scale,rbf,0.9,"(1, 1)","{'svc__C': 0.1, 'svc__gamma': 'scale', 'svc__kernel': 'rbf', 'tfidf__max_df': 0.9, 'tfidf__ngram_range': (1, 1)}",0.5369127516778524,0.5733333333333334,0.5733333333333334,0.6241610738255033,0.5769351230425056,0.031056506625933233,57,0.6102449888641426,0.5803571428571429,0.5982142857142857,0.5879732739420935,0.5941974228444162,0.01122444811735988,0.975609756097561,0.9885057471264368,1.0,0.9789473684210527,0.9857657179112626,0.009483617411275225,21,0.9963636363636363,0.9923664122137404,0.9925925925925926,0.9962264150943396,0.9943872640660771,0.0019100531321242262,0.6926406926406926,0.7257383966244726,0.7288135593220338,0.7622950819672131,0.727371932638603,0.02465072067011779,57,0.7569060773480663,0.7323943661971831,0.7465181058495822,0.7394957983193278,0.7438285869285399,0.009052192118003182
13,0.6011624336242676,0.005456222148068913,0.18341916799545288,0.0017171848226033943,0.1,scale,rbf,0.9,"(1, 2)","{'svc__C': 0.1, 'svc__gamma': 'scale', 'svc__kernel': 'rbf', 'tfidf__max_df': 0.9, 'tfidf__ngram_range': (1, 2)}",0.2953020134228188,0.28,0.36,0.2751677852348993,0.30261744966442955,0.03395329806158809,59,0.2873051224944321,0.28794642857142855,0.26339285714285715,0.2739420935412027,0.27814662543748014,0.01018903794728162,0.9565217391304348,1.0,1.0,0.9761904761904762,0.9831780538302277,0.01820261726046136,27,1.0,1.0,1.0,1.0,1.0,0.0,0.4512820512820513,0.4375,0.5294117647058824,0.4293193717277487,0.4618782969289206,0.039772586863318485,59,0.4463667820069204,0.44714038128249567,0.4169611307420495,0.43006993006993005,0.4351345560253489,0.012512259620090631
14,0.49873143434524536,0.0026789503084089688,0.1092115044593811,0.0005284801620282249,0.1,scale,rbf,0.9,"(2, 2)","{'svc__C': 0.1, 'svc__gamma': 'scale', 'svc__kernel': 'rbf', 'tfidf__max_df': 0.9, 'tfidf__ngram_range': (2, 2)}",0.0,0.0,0.0,0.0,0.0,0.0,69,0.0,0.0,0.0,0.0,0.0,0.0,0.0,0.0,0.0,0.0,0.0,0.0,69,0.0,0.0,0.0,0.0,0.0,0.0,0.0,0.0,0.0,0.0,0.0,0.0,69,0.0,0.0,0.0,0.0,0.0,0.0
15,0.6034963726997375,0.0033524612202427556,0.13272619247436523,0.0008641983037531994,0.1,scale,rbf,0.9,"(2, 3)","{'svc__C': 0.1, 'svc__gamma': 'scale', 'svc__kernel': 'rbf', 'tfidf__max_df': 0.9, 'tfidf__ngram_range': (2, 3)}",0.0,0.0,0.0,0.0,0.0,0.0,69,0.0,0.0,0.0,0.0,0.0,0.0,0.0,0.0,0.0,0.0,0.0,0.0,69,0.0,0.0,0.0,0.0,0.0,0.0,0.0,0.0,0.0,0.0,0.0,0.0,69,0.0,0.0,0.0,0.0,0.0,0.0
16,0.1526038646697998,0.0024341313044598596,0.04700273275375366,0.0009363341038442113,0.1,auto,linear,0.8,"(1, 1)","{'svc__C': 0.1, 'svc__gamma': 'auto', 'svc__kernel': 'linear', 'tfidf__max_df': 0.8, 'tfidf__ngram_range': (1, 1)}",0.7516778523489933,0.8333333333333334,0.7533333333333333,0.8120805369127517,0.7876062639821029,0.03590069443851214,33,0.799554565701559,0.7834821428571429,0.8058035714285714,0.7661469933184856,0.7887468183264398,0.015380256238914246,0.9572649572649573,0.984251968503937,0.9826086956521739,0.9453125,0.9673595303552671,0.01662726271985787,41,0.9862637362637363,0.9804469273743017,0.978319783197832,0.9885057471264368,0.9833840484905767,0.004147223830299715,0.8421052631578947,0.9025270758122743,0.8528301886792453,0.8736462093862816,0.8677771842589239,0.023045935806512447,41,0.8831488314883149,0.8709677419354839,0.8837209302325582,0.863237139272271,0.8752686607321569,0.008613845859848146
17,0.32782769203186035,0.009432240415587165,0.09440237283706665,0.0016640207972144065,0.1,auto,linear,0.8,"(1, 2)","{'svc__C': 0.1, 'svc__gamma': 'auto', 'svc__kernel': 'linear', 'tfidf__max_df': 0.8, 'tfidf__ngram_range': (1, 2)}",0.7248322147651006,0.78,0.7266666666666667,0.7516778523489933,0.7457941834451902,0.02241607389245849,45,0.7238307349665924,0.7098214285714286,0.7165178571428571,0.6904231625835189,0.7101482958160992,0.012419422046143727,0.9557522123893806,0.9831932773109243,0.9732142857142857,0.9411764705882353,0.9633340615007064,0.016128007890768337,57,0.9969325153374233,0.99375,0.9938080495356038,0.9967845659163987,0.9953187826973564,0.0015407828624101633,0.8244274809160306,0.8698884758364313,0.8320610687022901,0.835820895522388,0.840549480244285,0.017429200847103133,47,0.8387096774193549,0.828125,0.8326848249027238,0.8157894736842105,0.8288272440015724,0.008411599463714656
18,0.4408685564994812,0.005574315664232128,0.06824809312820435,0.0006213694166999205,0.1,auto,linear,0.8,"(2, 2)","{'svc__C': 0.1, 'svc__gamma': 'auto', 'svc__kernel': 'linear', 'tfidf__max_df': 0.8, 'tfidf__ngram_range': (2, 2)}",0.12751677852348994,0.13333333333333333,0.18666666666666668,0.1342281879194631,0.14543624161073826,0.023943454032081337,61,0.11804008908685969,0.08035714285714286,0.12946428571428573,0.1403118040089087,0.11704333041679925,0.022597410688602573,0.9047619047619048,1.0,1.0,0.9523809523809523,0.9642857142857142,0.0394836284566119,53,1.0,1.0,1.0,1.0,1.0,0.0,0.2235294117647059,0.23529411764705882,0.3146067415730337,0.23529411764705882,0.25218109715796433,0.03636007532484781,61,0.21115537848605578,0.1487603305785124,0.22924901185770752,0.24609375,0.20881461773056892,0.03680792962243687
19,0.5756785273551941,0.020632589575913306,0.08313554525375366,0.0004674666816586895,0.1,auto,linear,0.8,"(2, 3)","{'svc__C': 0.1, 'svc__gamma': 'auto', 'svc__kernel': 'linear', 'tfidf__max_df': 0.8, 'tfidf__ngram_range': (2, 3)}",0.03355704697986577,0.03333333333333333,0.02666666666666667,0.040268456375838924,0.033456375838926175,0.004809622283039776,65,0.022271714922048998,0.015625,0.011160714285714286,0.0400890868596882,0.02228662901686287,0.011012390833044563,1.0,1.0,1.0,0.8571428571428571,0.9642857142857143,0.06185895741317421,49,1.0,1.0,1.0,1.0,1.0,0.0,0.06493506493506493,0.06451612903225806,0.05194805194805195,0.07692307692307693,0.06458058070961296,0.00883243750014466,65,0.04357298474945534,0.03076923076923077,0.02207505518763797,0.07708779443254818,0.043376266284718065,0.02091162814624579
20,0.15397387742996216,0.003889693356720051,0.047435224056243896,0.001028567032301591,0.1,auto,linear,0.9,"(1, 1)","{'svc__C': 0.1, 'svc__gamma': 'auto', 'svc__kernel': 'linear', 'tfidf__max_df': 0.9, 'tfidf__ngram_range': (1, 1)}",0.7516778523489933,0.8333333333333334,0.7533333333333333,0.8120805369127517,0.7876062639821029,0.03590069443851214,33,0.799554565701559,0.7834821428571429,0.8058035714285714,0.7661469933184856,0.7887468183264398,0.015380256238914246,0.9572649572649573,0.984251968503937,0.9826086956521739,0.9453125,0.9673595303552671,0.01662726271985787,41,0.9862637362637363,0.9804469273743017,0.978319783197832,0.9885057471264368,0.9833840484905767,0.004147223830299715,0.8421052631578947,0.9025270758122743,0.8528301886792453,0.8736462093862816,0.8677771842589239,0.023045935806512447,41,0.8831488314883149,0.8709677419354839,0.8837209302325582,0.863237139272271,0.8752686607321569,0.008613845859848146
21,0.32094210386276245,0.002666485291320875,0.09183865785598755,0.0014195530933166706,0.1,auto,linear,0.9,"(1, 2)","{'svc__C': 0.1, 'svc__gamma': 'auto', 'svc__kernel': 'linear', 'tfidf__max_df': 0.9, 'tfidf__ngram_range': (1, 2)}",0.7248322147651006,0.78,0.7266666666666667,0.7516778523489933,0.7457941834451902,0.02241607389245849,45,0.7238307349665924,0.7098214285714286,0.7165178571428571,0.6904231625835189,0.7101482958160992,0.012419422046143727,0.9557522123893806,0.9831932773109243,0.9732142857142857,0.9411764705882353,0.9633340615007064,0.016128007890768337,57,0.9969325153374233,0.99375,0.9938080495356038,0.9967845659163987,0.9953187826973564,0.0015407828624101633,0.8244274809160306,0.8698884758364313,0.8320610687022901,0.835820895522388,0.840549480244285,0.017429200847103133,47,0.8387096774193549,0.828125,0.8326848249027238,0.8157894736842105,0.8288272440015724,0.008411599463714656
22,0.4368864893913269,0.005692253118714228,0.06807136535644531,0.0006153998505050757,0.1,auto,linear,0.9,"(2, 2)","{'svc__C': 0.1, 'svc__gamma': 'auto', 'svc__kernel': 'linear', 'tfidf__max_df': 0.9, 'tfidf__ngram_range': (2, 2)}",0.12751677852348994,0.13333333333333333,0.18666666666666668,0.1342281879194631,0.14543624161073826,0.023943454032081337,61,0.11804008908685969,0.08035714285714286,0.12946428571428573,0.1403118040089087,0.11704333041679925,0.022597410688602573,0.9047619047619048,1.0,1.0,0.9523809523809523,0.9642857142857142,0.0394836284566119,53,1.0,1.0,1.0,1.0,1.0,0.0,0.2235294117647059,0.23529411764705882,0.3146067415730337,0.23529411764705882,0.25218109715796433,0.03636007532484781,61,0.21115537848605578,0.1487603305785124,0.22924901185770752,0.24609375,0.20881461773056892,0.03680792962243687
23,0.5517095923423767,0.009160437307885705,0.08184808492660522,0.001553527588900093,0.1,auto,linear,0.9,"(2, 3)","{'svc__C': 0.1, 'svc__gamma': 'auto', 'svc__kernel': 'linear', 'tfidf__max_df': 0.9, 'tfidf__ngram_range': (2, 3)}",0.03355704697986577,0.03333333333333333,0.02666666666666667,0.040268456375838924,0.033456375838926175,0.004809622283039776,65,0.022271714922048998,0.015625,0.011160714285714286,0.0400890868596882,0.02228662901686287,0.011012390833044563,1.0,1.0,1.0,0.8571428571428571,0.9642857142857143,0.06185895741317421,49,1.0,1.0,1.0,1.0,1.0,0.0,0.06493506493506493,0.06451612903225806,0.05194805194805195,0.07692307692307693,0.06458058070961296,0.00883243750014466,65,0.04357298474945534,0.03076923076923077,0.02207505518763797,0.07708779443254818,0.043376266284718065,0.02091162814624579
24,0.18695300817489624,0.002750328424004836,0.06428521871566772,0.0007556176781186041,0.1,auto,rbf,0.8,"(1, 1)","{'svc__C': 0.1, 'svc__gamma': 'auto', 'svc__kernel': 'rbf', 'tfidf__max_df': 0.8, 'tfidf__ngram_range': (1, 1)}",0.0,0.0,0.0,0.0,0.0,0.0,69,0.0,0.0,0.0,0.0,0.0,0.0,0.0,0.0,0.0,0.0,0.0,0.0,69,0.0,0.0,0.0,0.0,0.0,0.0,0.0,0.0,0.0,0.0,0.0,0.0,69,0.0,0.0,0.0,0.0,0.0,0.0
25,0.25687235593795776,0.0050138831060667554,0.08526581525802612,0.0005879218552026194,0.1,auto,rbf,0.8,"(1, 2)","{'svc__C': 0.1, 'svc__gamma': 'auto', 'svc__kernel': 'rbf', 'tfidf__max_df': 0.8, 'tfidf__ngram_range': (1, 2)}",0.0,0.0,0.0,0.0,0.0,0.0,69,0.0,0.0,0.0,0.0,0.0,0.0,0.0,0.0,0.0,0.0,0.0,0.0,69,0.0,0.0,0.0,0.0,0.0,0.0,0.0,0.0,0.0,0.0,0.0,0.0,69,0.0,0.0,0.0,0.0,0.0,0.0
26,0.1925855278968811,0.004780317070340807,0.04349321126937866,0.0006693122604390353,0.1,auto,rbf,0.8,"(2, 2)","{'svc__C': 0.1, 'svc__gamma': 'auto', 'svc__kernel': 'rbf', 'tfidf__max_df': 0.8, 'tfidf__ngram_range': (2, 2)}",0.0,0.0,0.0,0.0,0.0,0.0,69,0.0,0.0,0.0,0.0,0.0,0.0,0.0,0.0,0.0,0.0,0.0,0.0,69,0.0,0.0,0.0,0.0,0.0,0.0,0.0,0.0,0.0,0.0,0.0,0.0,69,0.0,0.0,0.0,0.0,0.0,0.0
27,0.24996811151504517,0.012280370125130084,0.05616486072540283,0.001215808624616678,0.1,auto,rbf,0.8,"(2, 3)","{'svc__C': 0.1, 'svc__gamma': 'auto', 'svc__kernel': 'rbf', 'tfidf__max_df': 0.8, 'tfidf__ngram_range': (2, 3)}",0.0,0.0,0.0,0.0,0.0,0.0,69,0.0,0.0,0.0,0.0,0.0,0.0,0.0,0.0,0.0,0.0,0.0,0.0,69,0.0,0.0,0.0,0.0,0.0,0.0,0.0,0.0,0.0,0.0,0.0,0.0,69,0.0,0.0,0.0,0.0,0.0,0.0
28,0.18457108736038208,0.0011371352119811408,0.06451714038848877,0.0006290639872165382,0.1,auto,rbf,0.9,"(1, 1)","{'svc__C': 0.1, 'svc__gamma': 'auto', 'svc__kernel': 'rbf', 'tfidf__max_df': 0.9, 'tfidf__ngram_range': (1, 1)}",0.0,0.0,0.0,0.0,0.0,0.0,69,0.0,0.0,0.0,0.0,0.0,0.0,0.0,0.0,0.0,0.0,0.0,0.0,69,0.0,0.0,0.0,0.0,0.0,0.0,0.0,0.0,0.0,0.0,0.0,0.0,69,0.0,0.0,0.0,0.0,0.0,0.0
29,0.2578151226043701,0.008618814165313977,0.08522748947143555,0.000672149567713661,0.1,auto,rbf,0.9,"(1, 2)","{'svc__C': 0.1, 'svc__gamma': 'auto', 'svc__kernel': 'rbf', 'tfidf__max_df': 0.9, 'tfidf__ngram_range': (1, 2)}",0.0,0.0,0.0,0.0,0.0,0.0,69,0.0,0.0,0.0,0.0,0.0,0.0,0.0,0.0,0.0,0.0,0.0,0.0,69,0.0,0.0,0.0,0.0,0.0,0.0,0.0,0.0,0.0,0.0,0.0,0.0,69,0.0,0.0,0.0,0.0,0.0,0.0
30,0.18987351655960083,0.002789210429955743,0.04313546419143677,0.0005884726793812891,0.1,auto,rbf,0.9,"(2, 2)","{'svc__C': 0.1, 'svc__gamma': 'auto', 'svc__kernel': 'rbf', 'tfidf__max_df': 0.9, 'tfidf__ngram_range': (2, 2)}",0.0,0.0,0.0,0.0,0.0,0.0,69,0.0,0.0,0.0,0.0,0.0,0.0,0.0,0.0,0.0,0.0,0.0,0.0,69,0.0,0.0,0.0,0.0,0.0,0.0,0.0,0.0,0.0,0.0,0.0,0.0,69,0.0,0.0,0.0,0.0,0.0,0.0
31,0.2454025149345398,0.01267719527450474,0.056408822536468506,0.0009876276236520994,0.1,auto,rbf,0.9,"(2, 3)","{'svc__C': 0.1, 'svc__gamma': 'auto', 'svc__kernel': 'rbf', 'tfidf__max_df': 0.9, 'tfidf__ngram_range': (2, 3)}",0.0,0.0,0.0,0.0,0.0,0.0,69,0.0,0.0,0.0,0.0,0.0,0.0,0.0,0.0,0.0,0.0,0.0,0.0,69,0.0,0.0,0.0,0.0,0.0,0.0,0.0,0.0,0.0,0.0,0.0,0.0,69,0.0,0.0,0.0,0.0,0.0,0.0
32,0.1247902512550354,0.003058509405378056,0.03714722394943237,0.0010712194832001565,1.0,scale,linear,0.8,"(1, 1)","{'svc__C': 1, 'svc__gamma': 'scale', 'svc__kernel': 'linear', 'tfidf__max_df': 0.8, 'tfidf__ngram_range': (1, 1)}",0.8926174496644296,0.9333333333333333,0.88,0.959731543624161,0.9164205816554809,0.03183916007323418,13,0.9665924276169265,0.9709821428571429,0.9620535714285714,0.9665924276169265,0.9665551423798918,0.003156946888734219,0.9637681159420289,0.9790209790209791,0.9777777777777777,0.9470198675496688,0.9668966850726137,0.012944810754217688,45,0.9954128440366973,0.9954233409610984,0.9930875576036866,0.9954128440366973,0.994834146659545,0.001008402767210746,0.926829268292683,0.9556313993174061,0.9263157894736842,0.9533333333333334,0.9405274476042766,0.013979730057583491,13,0.9807909604519774,0.9830508474576272,0.9773242630385488,0.9807909604519774,0.9804892578500326,0.00204700893955647
33,0.2824006676673889,0.005590686438500509,0.07716101408004761,0.0014423668899219623,1.0,scale,linear,0.8,"(1, 2)","{'svc__C': 1, 'svc__gamma': 'scale', 'svc__kernel': 'linear', 'tfidf__max_df': 0.8, 'tfidf__ngram_range': (1, 2)}",0.9060402684563759,0.9466666666666667,0.9,0.9664429530201343,0.9297874720357941,0.02774776867473198,5,0.9821826280623608,0.9799107142857143,0.9821428571428571,0.9821826280623608,0.9816047068883232,0.0009781618476702267,0.9642857142857143,0.9594594594594594,0.9712230215827338,0.935064935064935,0.9575082825982105,0.013615603047015928,61,0.997737556561086,0.9977272727272727,0.9977324263038548,0.997737556561086,0.9977337030383249,4.262576288925134e-06,0.9342560553633218,0.9530201342281879,0.9342560553633218,0.9504950495049505,0.9430068236149455,0.008796189606930148,9,0.98989898989899,0.9887387387387387,0.9898762654668166,0.98989898989899,0.9896032460008839,0.0004992097108465089
34,0.48262912034988403,0.004464319590130704,0.06578820943832397,0.0009319269660573635,1.0,scale,linear,0.8,"(2, 2)","{'svc__C': 1, 'svc__gamma': 'scale', 'svc__kernel': 'linear', 'tfidf__max_df': 0.8, 'tfidf__ngram_range': (2, 2)}",0.7785234899328859,0.7866666666666666,0.7666666666666667,0.8053691275167785,0.7843064876957495,0.0140873310998616,37,0.9933184855233853,0.9888392857142857,0.9910714285714286,0.9888641425389755,0.9905233355870189,0.0018508251288855337,0.9830508474576272,1.0,1.0,0.9836065573770492,0.9916643512086691,0.00833796392782642,7,1.0,1.0,1.0,1.0,1.0,0.0,0.8689138576779026,0.8805970149253731,0.8679245283018868,0.8856088560885609,0.8757610642484309,0.007560769744829417,33,0.9966480446927374,0.9943883277216611,0.9955156950672646,0.9944008958566629,0.9952382408345815,0.0009338129739493477
35,0.6139573454856873,0.01244711669196756,0.08212536573410034,0.0018645287021551765,1.0,scale,linear,0.8,"(2, 3)","{'svc__C': 1, 'svc__gamma': 'scale', 'svc__kernel': 'linear', 'tfidf__max_df': 0.8, 'tfidf__ngram_range': (2, 3)}",0.7718120805369127,0.7666666666666667,0.7666666666666667,0.7986577181208053,0.7759507829977629,0.013277079807323584,41,1.0,0.9977678571428571,0.9955357142857143,0.9977728285077951,0.9977690999840917,0.0015783648188267261,0.9829059829059829,1.0,1.0,0.9834710743801653,0.9915942643215371,0.008408109677148556,11,1.0,1.0,1.0,1.0,1.0,0.0,0.8646616541353384,0.8679245283018868,0.8679245283018868,0.8814814814814815,0.8704980480551483,0.006479685788268261,37,1.0,0.9988826815642458,0.9977628635346756,0.9988851727982163,0.9988826794742844,0.0007909486570656726
36,0.12642472982406616,0.0034678024226686577,0.037061333656311035,0.0008599076063557681,1.0,scale,linear,0.9,"(1, 1)","{'svc__C': 1, 'svc__gamma': 'scale', 'svc__kernel': 'linear', 'tfidf__max_df': 0.9, 'tfidf__ngram_range': (1, 1)}",0.8926174496644296,0.9333333333333333,0.88,0.959731543624161,0.9164205816554809,0.03183916007323418,13,0.9665924276169265,0.9709821428571429,0.9620535714285714,0.9665924276169265,0.9665551423798918,0.003156946888734219,0.9637681159420289,0.9790209790209791,0.9777777777777777,0.9470198675496688,0.9668966850726137,0.012944810754217688,45,0.9954128440366973,0.9954233409610984,0.9930875576036866,0.9954128440366973,0.994834146659545,0.001008402767210746,0.926829268292683,0.9556313993174061,0.9263157894736842,0.9533333333333334,0.9405274476042766,0.013979730057583491,13,0.9807909604519774,0.9830508474576272,0.9773242630385488,0.9807909604519774,0.9804892578500326,0.00204700893955647
37,0.28257375955581665,0.006378407366074829,0.0773857831954956,0.0014034677541103406,1.0,scale,linear,0.9,"(1, 2)","{'svc__C': 1, 'svc__gamma': 'scale', 'svc__kernel': 'linear', 'tfidf__max_df': 0.9, 'tfidf__ngram_range': (1, 2)}",0.9060402684563759,0.9466666666666667,0.9,0.9664429530201343,0.9297874720357941,0.02774776867473198,5,0.9821826280623608,0.9799107142857143,0.9821428571428571,0.9821826280623608,0.9816047068883232,0.0009781618476702267,0.9642857142857143,0.9594594594594594,0.9712230215827338,0.935064935064935,0.9575082825982105,0.013615603047015928,61,0.997737556561086,0.9977272727272727,0.9977324263038548,0.997737556561086,0.9977337030383249,4.262576288925134e-06,0.9342560553633218,0.9530201342281879,0.9342560553633218,0.9504950495049505,0.9430068236149455,0.008796189606930148,9,0.98989898989899,0.9887387387387387,0.9898762654668166,0.98989898989899,0.9896032460008839,0.0004992097108465089
38,0.48861342668533325,0.00379850165393303,0.06617480516433716,0.0007246810734724626,1.0,scale,linear,0.9,"(2, 2)","{'svc__C': 1, 'svc__gamma': 'scale', 'svc__kernel': 'linear', 'tfidf__max_df': 0.9, 'tfidf__ngram_range': (2, 2)}",0.7785234899328859,0.7866666666666666,0.7666666666666667,0.8053691275167785,0.7843064876957495,0.0140873310998616,37,0.9933184855233853,0.9888392857142857,0.9910714285714286,0.9888641425389755,0.9905233355870189,0.0018508251288855337,0.9830508474576272,1.0,1.0,0.9836065573770492,0.9916643512086691,0.00833796392782642,7,1.0,1.0,1.0,1.0,1.0,0.0,0.8689138576779026,0.8805970149253731,0.8679245283018868,0.8856088560885609,0.8757610642484309,0.007560769744829417,33,0.9966480446927374,0.9943883277216611,0.9955156950672646,0.9944008958566629,0.9952382408345815,0.0009338129739493477
39,0.6168674826622009,0.008172075429584327,0.08118945360183716,0.0004446778268345419,1.0,scale,linear,0.9,"(2, 3)","{'svc__C': 1, 'svc__gamma': 'scale', 'svc__kernel': 'linear', 'tfidf__max_df': 0.9, 'tfidf__ngram_range': (2, 3)}",0.7718120805369127,0.7666666666666667,0.7666666666666667,0.7986577181208053,0.7759507829977629,0.013277079807323584,41,1.0,0.9977678571428571,0.9955357142857143,0.9977728285077951,0.9977690999840917,0.0015783648188267261,0.9829059829059829,1.0,1.0,0.9834710743801653,0.9915942643215371,0.008408109677148556,11,1.0,1.0,1.0,1.0,1.0,0.0,0.8646616541353384,0.8679245283018868,0.8679245283018868,0.8814814814814815,0.8704980480551483,0.006479685788268261,37,1.0,0.9988826815642458,0.9977628635346756,0.9988851727982163,0.9988826794742844,0.0007909486570656726
40,0.28664630651474,0.005923404334188688,0.09224498271942139,0.002022864457621235,1.0,scale,rbf,0.8,"(1, 1)","{'svc__C': 1, 'svc__gamma': 'scale', 'svc__kernel': 'rbf', 'tfidf__max_df': 0.8, 'tfidf__ngram_range': (1, 1)}",0.8389261744966443,0.8933333333333333,0.82,0.8993288590604027,0.8628970917225951,0.034162859312612814,23,0.9688195991091314,0.96875,0.9754464285714286,0.9710467706013363,0.9710156995704741,0.002719769138585767,0.9689922480620154,0.9852941176470589,0.984,0.950354609929078,0.972160243909538,0.014126219722686621,35,0.9977064220183486,0.9954128440366973,0.9954441913439636,0.9977116704805492,0.9965687819698896,0.0011403196491520655,0.8992805755395683,0.9370629370629371,0.8945454545454545,0.9241379310344827,0.9137567245456107,0.01753268929123127,21,0.9830508474576272,0.9819004524886877,0.9853438556933484,0.9841986455981941,0.9836234503094644,0.0012832809339157882
41,0.6634137034416199,0.004012781094802527,0.17610055208206177,0.002198542578217185,1.0,scale,rbf,0.8,"(1, 2)","{'svc__C': 1, 'svc__gamma': 'scale', 'svc__kernel': 'rbf', 'tfidf__max_df': 0.8, 'tfidf__ngram_range': (1, 2)}",0.8590604026845637,0.8933333333333333,0.82,0.8859060402684564,0.8645749440715883,0.028720186383380805,21,0.9755011135857461,0.9754464285714286,0.9754464285714286,0.9710467706013363,0.9743601853324849,0.00191313115127951,0.9624060150375939,0.9852941176470589,0.9761904761904762,0.9496402877697842,0.9683827241612283,0.013545812962117494,37,1.0,1.0,1.0,1.0,1.0,0.0,0.9078014184397163,0.9370629370629371,0.8913043478260869,0.9166666666666666,0.9132088424988517,0.016507736801817732,23,0.9875986471251409,0.9875706214689266,0.9875706214689266,0.9853107344632769,0.9870126561315677,0.0009826715429041846
42,0.5230558514595032,0.000981093646181454,0.10798466205596924,0.001391371174050201,1.0,scale,rbf,0.8,"(2, 2)","{'svc__C': 1, 'svc__gamma': 'scale', 'svc__kernel': 'rbf', 'tfidf__max_df': 0.8, 'tfidf__ngram_range': (2, 2)}",0.6510067114093959,0.62,0.64,0.7046979865771812,0.6539261744966443,0.031349736118294926,53,0.9844097995545658,0.9419642857142857,0.9308035714285714,0.9175946547884187,0.9436930778714604,0.025040503243270142,0.9797979797979798,1.0,1.0,0.9813084112149533,0.9902765977532333,0.009738055588031988,19,1.0,1.0,1.0,1.0,1.0,0.0,0.782258064516129,0.7654320987654321,0.7804878048780488,0.8203125,0.7871226170399024,0.020246799238396545,53,0.9921436588103255,0.9701149425287356,0.9641618497109826,0.9570267131242741,0.9708617910435795,0.0131317770431012
43,0.630120038986206,0.004403244796477947,0.13099956512451172,0.0008584836109001973,1.0,scale,rbf,0.8,"(2, 3)","{'svc__C': 1, 'svc__gamma': 'scale', 'svc__kernel': 'rbf', 'tfidf__max_df': 0.8, 'tfidf__ngram_range': (2, 3)}",0.6308724832214765,0.6066666666666667,0.6066666666666667,0.6644295302013423,0.627158836689038,0.02367886098352053,55,0.9955456570155902,0.9933035714285714,0.984375,0.9910913140311804,0.9910788856188355,0.004178621498735222,0.9791666666666666,1.0,1.0,0.99,0.9922916666666666,0.00860747010838068,1,1.0,1.0,1.0,1.0,1.0,0.0,0.7673469387755102,0.7551867219917012,0.7551867219917012,0.7951807228915663,0.7682252764126197,0.016335355633247027,55,0.9977678571428571,0.9966405375139977,0.9921259842519685,0.9955257270693513,0.9955150264945436,0.0021111455900264687
44,0.2860584855079651,0.007147426535942527,0.09253084659576416,0.0018819695662770416,1.0,scale,rbf,0.9,"(1, 1)","{'svc__C': 1, 'svc__gamma': 'scale', 'svc__kernel': 'rbf', 'tfidf__max_df': 0.9, 'tfidf__ngram_range': (1, 1)}",0.8389261744966443,0.8933333333333333,0.82,0.8993288590604027,0.8628970917225951,0.034162859312612814,23,0.9688195991091314,0.96875,0.9754464285714286,0.9710467706013363,0.9710156995704741,0.002719769138585767,0.9689922480620154,0.9852941176470589,0.984,0.950354609929078,0.972160243909538,0.014126219722686621,35,0.9977064220183486,0.9954128440366973,0.9954441913439636,0.9977116704805492,0.9965687819698896,0.0011403196491520655,0.8992805755395683,0.9370629370629371,0.8945454545454545,0.9241379310344827,0.9137567245456107,0.01753268929123127,21,0.9830508474576272,0.9819004524886877,0.9853438556933484,0.9841986455981941,0.9836234503094644,0.0012832809339157882
45,0.6653801202774048,0.00801430909224055,0.17563247680664062,0.0027696053892964467,1.0,scale,rbf,0.9,"(1, 2)","{'svc__C': 1, 'svc__gamma': 'scale', 'svc__kernel': 'rbf', 'tfidf__max_df': 0.9, 'tfidf__ngram_range': (1, 2)}",0.8590604026845637,0.8933333333333333,0.82,0.8859060402684564,0.8645749440715883,0.028720186383380805,21,0.9755011135857461,0.9754464285714286,0.9754464285714286,0.9710467706013363,0.9743601853324849,0.00191313115127951,0.9624060150375939,0.9852941176470589,0.9761904761904762,0.9496402877697842,0.9683827241612283,0.013545812962117494,37,1.0,1.0,1.0,1.0,1.0,0.0,0.9078014184397163,0.9370629370629371,0.8913043478260869,0.9166666666666666,0.9132088424988517,0.016507736801817732,23,0.9875986471251409,0.9875706214689266,0.9875706214689266,0.9853107344632769,0.9870126561315677,0.0009826715429041846
46,0.5200011134147644,0.0021566933199458974,0.10716307163238525,0.0012128157735476503,1.0,scale,rbf,0.9,"(2, 2)","{'svc__C': 1, 'svc__gamma': 'scale', 'svc__kernel': 'rbf', 'tfidf__max_df': 0.9, 'tfidf__ngram_range': (2, 2)}",0.6510067114093959,0.62,0.64,0.7046979865771812,0.6539261744966443,0.031349736118294926,53,0.9844097995545658,0.9419642857142857,0.9308035714285714,0.9175946547884187,0.9436930778714604,0.025040503243270142,0.9797979797979798,1.0,1.0,0.9813084112149533,0.9902765977532333,0.009738055588031988,19,1.0,1.0,1.0,1.0,1.0,0.0,0.782258064516129,0.7654320987654321,0.7804878048780488,0.8203125,0.7871226170399024,0.020246799238396545,53,0.9921436588103255,0.9701149425287356,0.9641618497109826,0.9570267131242741,0.9708617910435795,0.0131317770431012
47,0.6277466416358948,0.008689374739599609,0.13020366430282593,0.001158701507265761,1.0,scale,rbf,0.9,"(2, 3)","{'svc__C': 1, 'svc__gamma': 'scale', 'svc__kernel': 'rbf', 'tfidf__max_df': 0.9, 'tfidf__ngram_range': (2, 3)}",0.6308724832214765,0.6066666666666667,0.6066666666666667,0.6644295302013423,0.627158836689038,0.02367886098352053,55,0.9955456570155902,0.9933035714285714,0.984375,0.9910913140311804,0.9910788856188355,0.004178621498735222,0.9791666666666666,1.0,1.0,0.99,0.9922916666666666,0.00860747010838068,1,1.0,1.0,1.0,1.0,1.0,0.0,0.7673469387755102,0.7551867219917012,0.7551867219917012,0.7951807228915663,0.7682252764126197,0.016335355633247027,55,0.9977678571428571,0.9966405375139977,0.9921259842519685,0.9955257270693513,0.9955150264945436,0.0021111455900264687
48,0.12442183494567871,0.002988534078949504,0.03712785243988037,0.0008275846736405408,1.0,auto,linear,0.8,"(1, 1)","{'svc__C': 1, 'svc__gamma': 'auto', 'svc__kernel': 'linear', 'tfidf__max_df': 0.8, 'tfidf__ngram_range': (1, 1)}",0.8926174496644296,0.9333333333333333,0.88,0.959731543624161,0.9164205816554809,0.03183916007323418,13,0.9665924276169265,0.9709821428571429,0.9620535714285714,0.9665924276169265,0.9665551423798918,0.003156946888734219,0.9637681159420289,0.9790209790209791,0.9777777777777777,0.9470198675496688,0.9668966850726137,0.012944810754217688,45,0.9954128440366973,0.9954233409610984,0.9930875576036866,0.9954128440366973,0.994834146659545,0.001008402767210746,0.926829268292683,0.9556313993174061,0.9263157894736842,0.9533333333333334,0.9405274476042766,0.013979730057583491,13,0.9807909604519774,0.9830508474576272,0.9773242630385488,0.9807909604519774,0.9804892578500326,0.00204700893955647
49,0.28009921312332153,0.005345802451747376,0.07683342695236206,0.001521472513907643,1.0,auto,linear,0.8,"(1, 2)","{'svc__C': 1, 'svc__gamma': 'auto', 'svc__kernel': 'linear', 'tfidf__max_df': 0.8, 'tfidf__ngram_range': (1, 2)}",0.9060402684563759,0.9466666666666667,0.9,0.9664429530201343,0.9297874720357941,0.02774776867473198,5,0.9821826280623608,0.9799107142857143,0.9821428571428571,0.9821826280623608,0.9816047068883232,0.0009781618476702267,0.9642857142857143,0.9594594594594594,0.9712230215827338,0.935064935064935,0.9575082825982105,0.013615603047015928,61,0.997737556561086,0.9977272727272727,0.9977324263038548,0.997737556561086,0.9977337030383249,4.262576288925134e-06,0.9342560553633218,0.9530201342281879,0.9342560553633218,0.9504950495049505,0.9430068236149455,0.008796189606930148,9,0.98989898989899,0.9887387387387387,0.9898762654668166,0.98989898989899,0.9896032460008839,0.0004992097108465089
50,0.48074132204055786,0.0036429910420444486,0.06553429365158081,0.0003231653851780151,1.0,auto,linear,0.8,"(2, 2)","{'svc__C': 1, 'svc__gamma': 'auto', 'svc__kernel': 'linear', 'tfidf__max_df': 0.8, 'tfidf__ngram_range': (2, 2)}",0.7785234899328859,0.7866666666666666,0.7666666666666667,0.8053691275167785,0.7843064876957495,0.0140873310998616,37,0.9933184855233853,0.9888392857142857,0.9910714285714286,0.9888641425389755,0.9905233355870189,0.0018508251288855337,0.9830508474576272,1.0,1.0,0.9836065573770492,0.9916643512086691,0.00833796392782642,7,1.0,1.0,1.0,1.0,1.0,0.0,0.8689138576779026,0.8805970149253731,0.8679245283018868,0.8856088560885609,0.8757610642484309,0.007560769744829417,33,0.9966480446927374,0.9943883277216611,0.9955156950672646,0.9944008958566629,0.9952382408345815,0.0009338129739493477
51,0.6053783297538757,0.007756563612412697,0.0799441933631897,0.0010943085453518383,1.0,auto,linear,0.8,"(2, 3)","{'svc__C': 1, 'svc__gamma': 'auto', 'svc__kernel': 'linear', 'tfidf__max_df': 0.8, 'tfidf__ngram_range': (2, 3)}",0.7718120805369127,0.7666666666666667,0.7666666666666667,0.7986577181208053,0.7759507829977629,0.013277079807323584,41,1.0,0.9977678571428571,0.9955357142857143,0.9977728285077951,0.9977690999840917,0.0015783648188267261,0.9829059829059829,1.0,1.0,0.9834710743801653,0.9915942643215371,0.008408109677148556,11,1.0,1.0,1.0,1.0,1.0,0.0,0.8646616541353384,0.8679245283018868,0.8679245283018868,0.8814814814814815,0.8704980480551483,0.006479685788268261,37,1.0,0.9988826815642458,0.9977628635346756,0.9988851727982163,0.9988826794742844,0.0007909486570656726
52,0.12488001585006714,0.0027432676087066924,0.03719472885131836,0.001090567615243245,1.0,auto,linear,0.9,"(1, 1)","{'svc__C': 1, 'svc__gamma': 'auto', 'svc__kernel': 'linear', 'tfidf__max_df': 0.9, 'tfidf__ngram_range': (1, 1)}",0.8926174496644296,0.9333333333333333,0.88,0.959731543624161,0.9164205816554809,0.03183916007323418,13,0.9665924276169265,0.9709821428571429,0.9620535714285714,0.9665924276169265,0.9665551423798918,0.003156946888734219,0.9637681159420289,0.9790209790209791,0.9777777777777777,0.9470198675496688,0.9668966850726137,0.012944810754217688,45,0.9954128440366973,0.9954233409610984,0.9930875576036866,0.9954128440366973,0.994834146659545,0.001008402767210746,0.926829268292683,0.9556313993174061,0.9263157894736842,0.9533333333333334,0.9405274476042766,0.013979730057583491,13,0.9807909604519774,0.9830508474576272,0.9773242630385488,0.9807909604519774,0.9804892578500326,0.00204700893955647
53,0.2794089913368225,0.004431431910190761,0.07741129398345947,0.001359502005244137,1.0,auto,linear,0.9,"(1, 2)","{'svc__C': 1, 'svc__gamma': 'auto', 'svc__kernel': 'linear', 'tfidf__max_df': 0.9, 'tfidf__ngram_range': (1, 2)}",0.9060402684563759,0.9466666666666667,0.9,0.9664429530201343,0.9297874720357941,0.02774776867473198,5,0.9821826280623608,0.9799107142857143,0.9821428571428571,0.9821826280623608,0.9816047068883232,0.0009781618476702267,0.9642857142857143,0.9594594594594594,0.9712230215827338,0.935064935064935,0.9575082825982105,0.013615603047015928,61,0.997737556561086,0.9977272727272727,0.9977324263038548,0.997737556561086,0.9977337030383249,4.262576288925134e-06,0.9342560553633218,0.9530201342281879,0.9342560553633218,0.9504950495049505,0.9430068236149455,0.008796189606930148,9,0.98989898989899,0.9887387387387387,0.9898762654668166,0.98989898989899,0.9896032460008839,0.0004992097108465089
54,0.4795117974281311,0.003981714533587814,0.06533700227737427,0.0006105916189827525,1.0,auto,linear,0.9,"(2, 2)","{'svc__C': 1, 'svc__gamma': 'auto', 'svc__kernel': 'linear', 'tfidf__max_df': 0.9, 'tfidf__ngram_range': (2, 2)}",0.7785234899328859,0.7866666666666666,0.7666666666666667,0.8053691275167785,0.7843064876957495,0.0140873310998616,37,0.9933184855233853,0.9888392857142857,0.9910714285714286,0.9888641425389755,0.9905233355870189,0.0018508251288855337,0.9830508474576272,1.0,1.0,0.9836065573770492,0.9916643512086691,0.00833796392782642,7,1.0,1.0,1.0,1.0,1.0,0.0,0.8689138576779026,0.8805970149253731,0.8679245283018868,0.8856088560885609,0.8757610642484309,0.007560769744829417,33,0.9966480446927374,0.9943883277216611,0.9955156950672646,0.9944008958566629,0.9952382408345815,0.0009338129739493477
55,0.6060439944267273,0.008704827760435496,0.08011430501937866,0.0007865974250214266,1.0,auto,linear,0.9,"(2, 3)","{'svc__C': 1, 'svc__gamma': 'auto', 'svc__kernel': 'linear', 'tfidf__max_df': 0.9, 'tfidf__ngram_range': (2, 3)}",0.7718120805369127,0.7666666666666667,0.7666666666666667,0.7986577181208053,0.7759507829977629,0.013277079807323584,41,1.0,0.9977678571428571,0.9955357142857143,0.9977728285077951,0.9977690999840917,0.0015783648188267261,0.9829059829059829,1.0,1.0,0.9834710743801653,0.9915942643215371,0.008408109677148556,11,1.0,1.0,1.0,1.0,1.0,0.0,0.8646616541353384,0.8679245283018868,0.8679245283018868,0.8814814814814815,0.8704980480551483,0.006479685788268261,37,1.0,0.9988826815642458,0.9977628635346756,0.9988851727982163,0.9988826794742844,0.0007909486570656726
56,0.1844514012336731,0.0007245289050174122,0.06497412919998169,0.001493872831553997,1.0,auto,rbf,0.8,"(1, 1)","{'svc__C': 1, 'svc__gamma': 'auto', 'svc__kernel': 'rbf', 'tfidf__max_df': 0.8, 'tfidf__ngram_range': (1, 1)}",0.0,0.0,0.0,0.0,0.0,0.0,69,0.0,0.0,0.0,0.0,0.0,0.0,0.0,0.0,0.0,0.0,0.0,0.0,69,0.0,0.0,0.0,0.0,0.0,0.0,0.0,0.0,0.0,0.0,0.0,0.0,69,0.0,0.0,0.0,0.0,0.0,0.0
57,0.2560446262359619,0.0032957846460260967,0.08499372005462646,0.0006214866183785005,1.0,auto,rbf,0.8,"(1, 2)","{'svc__C': 1, 'svc__gamma': 'auto', 'svc__kernel': 'rbf', 'tfidf__max_df': 0.8, 'tfidf__ngram_range': (1, 2)}",0.0,0.0,0.0,0.0,0.0,0.0,69,0.0,0.0,0.0,0.0,0.0,0.0,0.0,0.0,0.0,0.0,0.0,0.0,69,0.0,0.0,0.0,0.0,0.0,0.0,0.0,0.0,0.0,0.0,0.0,0.0,69,0.0,0.0,0.0,0.0,0.0,0.0
58,0.19014352560043335,0.0030308474753177935,0.04312312602996826,0.0007137809788598692,1.0,auto,rbf,0.8,"(2, 2)","{'svc__C': 1, 'svc__gamma': 'auto', 'svc__kernel': 'rbf', 'tfidf__max_df': 0.8, 'tfidf__ngram_range': (2, 2)}",0.0,0.0,0.0,0.0,0.0,0.0,69,0.0,0.0,0.0,0.0,0.0,0.0,0.0,0.0,0.0,0.0,0.0,0.0,69,0.0,0.0,0.0,0.0,0.0,0.0,0.0,0.0,0.0,0.0,0.0,0.0,69,0.0,0.0,0.0,0.0,0.0,0.0
59,0.24564915895462036,0.010539449697967218,0.05598551034927368,0.000563073349946931,1.0,auto,rbf,0.8,"(2, 3)","{'svc__C': 1, 'svc__gamma': 'auto', 'svc__kernel': 'rbf', 'tfidf__max_df': 0.8, 'tfidf__ngram_range': (2, 3)}",0.0,0.0,0.0,0.0,0.0,0.0,69,0.0,0.0,0.0,0.0,0.0,0.0,0.0,0.0,0.0,0.0,0.0,0.0,69,0.0,0.0,0.0,0.0,0.0,0.0,0.0,0.0,0.0,0.0,0.0,0.0,69,0.0,0.0,0.0,0.0,0.0,0.0
60,0.1848130226135254,0.0032590969197728056,0.06476539373397827,0.001171540504320407,1.0,auto,rbf,0.9,"(1, 1)","{'svc__C': 1, 'svc__gamma': 'auto', 'svc__kernel': 'rbf', 'tfidf__max_df': 0.9, 'tfidf__ngram_range': (1, 1)}",0.0,0.0,0.0,0.0,0.0,0.0,69,0.0,0.0,0.0,0.0,0.0,0.0,0.0,0.0,0.0,0.0,0.0,0.0,69,0.0,0.0,0.0,0.0,0.0,0.0,0.0,0.0,0.0,0.0,0.0,0.0,69,0.0,0.0,0.0,0.0,0.0,0.0
61,0.25621849298477173,0.003393688744444472,0.08564448356628418,0.0008692210723218058,1.0,auto,rbf,0.9,"(1, 2)","{'svc__C': 1, 'svc__gamma': 'auto', 'svc__kernel': 'rbf', 'tfidf__max_df': 0.9, 'tfidf__ngram_range': (1, 2)}",0.0,0.0,0.0,0.0,0.0,0.0,69,0.0,0.0,0.0,0.0,0.0,0.0,0.0,0.0,0.0,0.0,0.0,0.0,69,0.0,0.0,0.0,0.0,0.0,0.0,0.0,0.0,0.0,0.0,0.0,0.0,69,0.0,0.0,0.0,0.0,0.0,0.0
62,0.19152647256851196,0.0038544001452367996,0.04347306489944458,0.0003616884644686679,1.0,auto,rbf,0.9,"(2, 2)","{'svc__C': 1, 'svc__gamma': 'auto', 'svc__kernel': 'rbf', 'tfidf__max_df': 0.9, 'tfidf__ngram_range': (2, 2)}",0.0,0.0,0.0,0.0,0.0,0.0,69,0.0,0.0,0.0,0.0,0.0,0.0,0.0,0.0,0.0,0.0,0.0,0.0,69,0.0,0.0,0.0,0.0,0.0,0.0,0.0,0.0,0.0,0.0,0.0,0.0,69,0.0,0.0,0.0,0.0,0.0,0.0
63,0.25129228830337524,0.0030907980053854252,0.05666548013687134,0.0005278019094582424,1.0,auto,rbf,0.9,"(2, 3)","{'svc__C': 1, 'svc__gamma': 'auto', 'svc__kernel': 'rbf', 'tfidf__max_df': 0.9, 'tfidf__ngram_range': (2, 3)}",0.0,0.0,0.0,0.0,0.0,0.0,69,0.0,0.0,0.0,0.0,0.0,0.0,0.0,0.0,0.0,0.0,0.0,0.0,69,0.0,0.0,0.0,0.0,0.0,0.0,0.0,0.0,0.0,0.0,0.0,0.0,69,0.0,0.0,0.0,0.0,0.0,0.0
64,0.12538808584213257,0.0023196157424636354,0.03706473112106323,0.0006870823531645538,10.0,scale,linear,0.8,"(1, 1)","{'svc__C': 10, 'svc__gamma': 'scale', 'svc__kernel': 'linear', 'tfidf__max_df': 0.8, 'tfidf__ngram_range': (1, 1)}",0.9060402684563759,0.94,0.8733333333333333,0.9664429530201343,0.9214541387024607,0.03507542476690145,9,1.0,1.0,1.0,1.0,1.0,0.0,0.9782608695652174,0.986013986013986,0.9924242424242424,0.935064935064935,0.9729410082670952,0.0224354463173768,31,1.0,1.0,1.0,1.0,1.0,0.0,0.9407665505226481,0.962457337883959,0.9290780141843972,0.9504950495049505,0.9456992380239887,0.012292581162934716,1,1.0,1.0,1.0,1.0,1.0,0.0
65,0.2970196008682251,0.0059195150911969825,0.08001482486724854,0.0013598000081049084,10.0,scale,linear,0.8,"(1, 2)","{'svc__C': 10, 'svc__gamma': 'scale', 'svc__kernel': 'linear', 'tfidf__max_df': 0.8, 'tfidf__ngram_range': (1, 2)}",0.9194630872483222,0.94,0.9066666666666666,0.9731543624161074,0.9348210290827741,0.02512369740232242,1,1.0,1.0,1.0,1.0,1.0,0.0,0.958041958041958,0.9591836734693877,0.9714285714285714,0.9294871794871795,0.9545353456067742,0.015384204458713345,65,1.0,1.0,1.0,1.0,1.0,0.0,0.9383561643835616,0.9494949494949495,0.9379310344827586,0.9508196721311475,0.9441504551231044,0.006026961794033658,5,1.0,1.0,1.0,1.0,1.0,0.0
66,0.29259592294692993,0.03431657566464687,0.03093963861465454,0.0016085623272026972,10.0,scale,linear,0.8,"(2, 2)","{'svc__C': 10, 'svc__gamma': 'scale', 'svc__kernel': 'linear', 'tfidf__max_df': 0.8, 'tfidf__ngram_range': (2, 2)}",0.8120805369127517,0.7933333333333333,0.8066666666666666,0.8322147651006712,0.8110738255033557,0.01398303352607706,25,1.0,1.0,1.0,1.0,1.0,0.0,0.983739837398374,1.0,1.0,0.9841269841269841,0.9919667053813396,0.00803446063864175,3,1.0,1.0,1.0,1.0,1.0,0.0,0.8897058823529411,0.8847583643122676,0.8929889298892989,0.9018181818181819,0.8923178395931723,0.006218417236830842,25,1.0,1.0,1.0,1.0,1.0,0.0
67,0.3632122278213501,0.012901385021521158,0.04066437482833862,0.0020425201489965585,10.0,scale,linear,0.8,"(2, 3)","{'svc__C': 10, 'svc__gamma': 'scale', 'svc__kernel': 'linear', 'tfidf__max_df': 0.8, 'tfidf__ngram_range': (2, 3)}",0.8120805369127517,0.7933333333333333,0.7666666666666667,0.8187919463087249,0.7977181208053691,0.020210172457764623,29,1.0,1.0,1.0,1.0,1.0,0.0,0.983739837398374,0.9754098360655737,1.0,0.9838709677419355,0.9857551603014708,0.008910007008804583,23,1.0,1.0,1.0,1.0,1.0,0.0,0.8897058823529411,0.875,0.8679245283018868,0.8937728937728938,0.8816008261069305,0.010541147885334445,29,1.0,1.0,1.0,1.0,1.0,0.0
68,0.12481129169464111,0.002126103327117767,0.037200868129730225,0.0005466779289559435,10.0,scale,linear,0.9,"(1, 1)","{'svc__C': 10, 'svc__gamma': 'scale', 'svc__kernel': 'linear', 'tfidf__max_df': 0.9, 'tfidf__ngram_range': (1, 1)}",0.9060402684563759,0.94,0.8733333333333333,0.9664429530201343,0.9214541387024607,0.03507542476690145,9,1.0,1.0,1.0,1.0,1.0,0.0,0.9782608695652174,0.986013986013986,0.9924242424242424,0.935064935064935,0.9729410082670952,0.0224354463173768,31,1.0,1.0,1.0,1.0,1.0,0.0,0.9407665505226481,0.962457337883959,0.9290780141843972,0.9504950495049505,0.9456992380239887,0.012292581162934716,1,1.0,1.0,1.0,1.0,1.0,0.0
69,0.28862833976745605,0.005726875876870334,0.07920503616333008,0.0012338614225142941,10.0,scale,linear,0.9,"(1, 2)","{'svc__C': 10, 'svc__gamma': 'scale', 'svc__kernel': 'linear', 'tfidf__max_df': 0.9, 'tfidf__ngram_range': (1, 2)}",0.9194630872483222,0.94,0.9066666666666666,0.9731543624161074,0.9348210290827741,0.02512369740232242,1,1.0,1.0,1.0,1.0,1.0,0.0,0.958041958041958,0.9591836734693877,0.9714285714285714,0.9294871794871795,0.9545353456067742,0.015384204458713345,65,1.0,1.0,1.0,1.0,1.0,0.0,0.9383561643835616,0.9494949494949495,0.9379310344827586,0.9508196721311475,0.9441504551231044,0.006026961794033658,5,1.0,1.0,1.0,1.0,1.0,0.0
70,0.294200599193573,0.037933165830205125,0.03036600351333618,0.0014817067261724199,10.0,scale,linear,0.9,"(2, 2)","{'svc__C': 10, 'svc__gamma': 'scale', 'svc__kernel': 'linear', 'tfidf__max_df': 0.9, 'tfidf__ngram_range': (2, 2)}",0.8120805369127517,0.7933333333333333,0.8066666666666666,0.8322147651006712,0.8110738255033557,0.01398303352607706,25,1.0,1.0,1.0,1.0,1.0,0.0,0.983739837398374,1.0,1.0,0.9841269841269841,0.9919667053813396,0.00803446063864175,3,1.0,1.0,1.0,1.0,1.0,0.0,0.8897058823529411,0.8847583643122676,0.8929889298892989,0.9018181818181819,0.8923178395931723,0.006218417236830842,25,1.0,1.0,1.0,1.0,1.0,0.0
71,0.37000906467437744,0.0168343524889376,0.04289042949676514,0.004598454715005085,10.0,scale,linear,0.9,"(2, 3)","{'svc__C': 10, 'svc__gamma': 'scale', 'svc__kernel': 'linear', 'tfidf__max_df': 0.9, 'tfidf__ngram_range': (2, 3)}",0.8120805369127517,0.7933333333333333,0.7666666666666667,0.8187919463087249,0.7977181208053691,0.020210172457764623,29,1.0,1.0,1.0,1.0,1.0,0.0,0.983739837398374,0.9754098360655737,1.0,0.9838709677419355,0.9857551603014708,0.008910007008804583,23,1.0,1.0,1.0,1.0,1.0,0.0,0.8897058823529411,0.875,0.8679245283018868,0.8937728937728938,0.8816008261069305,0.010541147885334445,29,1.0,1.0,1.0,1.0,1.0,0.0
72,0.3988637328147888,0.05984918561366268,0.09779435396194458,0.002579455876209494,10.0,scale,rbf,0.8,"(1, 1)","{'svc__C': 10, 'svc__gamma': 'scale', 'svc__kernel': 'rbf', 'tfidf__max_df': 0.8, 'tfidf__ngram_range': (1, 1)}",0.8590604026845637,0.8933333333333333,0.8333333333333334,0.912751677852349,0.8746196868008949,0.030622310547011165,19,1.0,1.0,1.0,1.0,1.0,0.0,0.9696969696969697,0.9852941176470589,0.9920634920634921,0.951048951048951,0.9745258826141179,0.01579562713696709,29,1.0,1.0,1.0,1.0,1.0,0.0,0.9110320284697508,0.9370629370629371,0.9057971014492754,0.9315068493150684,0.921349729074258,0.013213734981898467,19,1.0,1.0,1.0,1.0,1.0,0.0
73,0.6779117584228516,0.002896972800325426,0.1790657639503479,0.0017390029162818992,10.0,scale,rbf,0.8,"(1, 2)","{'svc__C': 10, 'svc__gamma': 'scale', 'svc__kernel': 'rbf', 'tfidf__max_df': 0.8, 'tfidf__ngram_range': (1, 2)}",0.8791946308724832,0.9,0.8466666666666667,0.912751677852349,0.8846532438478747,0.024989104723136746,17,1.0,1.0,1.0,1.0,1.0,0.0,0.9632352941176471,0.9782608695652174,0.9769230769230769,0.951048951048951,0.9673670479137231,0.011105682276673164,39,1.0,1.0,1.0,1.0,1.0,0.0,0.9192982456140351,0.9375,0.9071428571428571,0.9315068493150684,0.9238619880179901,0.011670436549487915,17,1.0,1.0,1.0,1.0,1.0,0.0
74,0.5446760058403015,0.005889826305163461,0.10522407293319702,0.0007593137369988153,10.0,scale,rbf,0.8,"(2, 2)","{'svc__C': 10, 'svc__gamma': 'scale', 'svc__kernel': 'rbf', 'tfidf__max_df': 0.8, 'tfidf__ngram_range': (2, 2)}",0.7315436241610739,0.72,0.7133333333333334,0.785234899328859,0.7375279642058166,0.02830359375088877,49,1.0,1.0,1.0,1.0,1.0,0.0,0.9819819819819819,1.0,1.0,0.9831932773109243,0.9912938148232266,0.008716711815759953,15,1.0,1.0,1.0,1.0,1.0,0.0,0.8384615384615385,0.8372093023255814,0.8326848249027238,0.8731343283582089,0.8453724985120131,0.016171699035834288,45,1.0,1.0,1.0,1.0,1.0,0.0
75,0.6391709446907043,0.007190272033766477,0.1280861496925354,0.0005476508073773955,10.0,scale,rbf,0.8,"(2, 3)","{'svc__C': 10, 'svc__gamma': 'scale', 'svc__kernel': 'rbf', 'tfidf__max_df': 0.8, 'tfidf__ngram_range': (2, 3)}",0.6711409395973155,0.6533333333333333,0.68,0.7718120805369127,0.6940715883668904,0.0458993839778304,51,1.0,1.0,1.0,1.0,1.0,0.0,0.9803921568627451,1.0,1.0,0.9829059829059829,0.990824534942182,0.009218409526550501,17,1.0,1.0,1.0,1.0,1.0,0.0,0.796812749003984,0.7903225806451613,0.8095238095238095,0.8646616541353384,0.8153301983270732,0.029306925609211103,51,1.0,1.0,1.0,1.0,1.0,0.0
76,0.39618945121765137,0.06111297320778866,0.09665918350219727,0.002151378493626155,10.0,scale,rbf,0.9,"(1, 1)","{'svc__C': 10, 'svc__gamma': 'scale', 'svc__kernel': 'rbf', 'tfidf__max_df': 0.9, 'tfidf__ngram_range': (1, 1)}",0.8590604026845637,0.8933333333333333,0.8333333333333334,0.912751677852349,0.8746196868008949,0.030622310547011165,19,1.0,1.0,1.0,1.0,1.0,0.0,0.9696969696969697,0.9852941176470589,0.9920634920634921,0.951048951048951,0.9745258826141179,0.01579562713696709,29,1.0,1.0,1.0,1.0,1.0,0.0,0.9110320284697508,0.9370629370629371,0.9057971014492754,0.9315068493150684,0.921349729074258,0.013213734981898467,19,1.0,1.0,1.0,1.0,1.0,0.0
77,0.6743922829627991,0.007095132243210913,0.17845183610916138,0.0026585688449009093,10.0,scale,rbf,0.9,"(1, 2)","{'svc__C': 10, 'svc__gamma': 'scale', 'svc__kernel': 'rbf', 'tfidf__max_df': 0.9, 'tfidf__ngram_range': (1, 2)}",0.8791946308724832,0.9,0.8466666666666667,0.912751677852349,0.8846532438478747,0.024989104723136746,17,1.0,1.0,1.0,1.0,1.0,0.0,0.9632352941176471,0.9782608695652174,0.9769230769230769,0.951048951048951,0.9673670479137231,0.011105682276673164,39,1.0,1.0,1.0,1.0,1.0,0.0,0.9192982456140351,0.9375,0.9071428571428571,0.9315068493150684,0.9238619880179901,0.011670436549487915,17,1.0,1.0,1.0,1.0,1.0,0.0
78,0.552865207195282,0.00556042283958321,0.10613393783569336,0.0005758789425206937,10.0,scale,rbf,0.9,"(2, 2)","{'svc__C': 10, 'svc__gamma': 'scale', 'svc__kernel': 'rbf', 'tfidf__max_df': 0.9, 'tfidf__ngram_range': (2, 2)}",0.7315436241610739,0.72,0.7133333333333334,0.785234899328859,0.7375279642058166,0.02830359375088877,49,1.0,1.0,1.0,1.0,1.0,0.0,0.9819819819819819,1.0,1.0,0.9831932773109243,0.9912938148232266,0.008716711815759953,15,1.0,1.0,1.0,1.0,1.0,0.0,0.8384615384615385,0.8372093023255814,0.8326848249027238,0.8731343283582089,0.8453724985120131,0.016171699035834288,45,1.0,1.0,1.0,1.0,1.0,0.0
79,0.6543380618095398,0.004122607355871662,0.13043546676635742,0.0012826829040484507,10.0,scale,rbf,0.9,"(2, 3)","{'svc__C': 10, 'svc__gamma': 'scale', 'svc__kernel': 'rbf', 'tfidf__max_df': 0.9, 'tfidf__ngram_range': (2, 3)}",0.6711409395973155,0.6533333333333333,0.68,0.7718120805369127,0.6940715883668904,0.0458993839778304,51,1.0,1.0,1.0,1.0,1.0,0.0,0.9803921568627451,1.0,1.0,0.9829059829059829,0.990824534942182,0.009218409526550501,17,1.0,1.0,1.0,1.0,1.0,0.0,0.796812749003984,0.7903225806451613,0.8095238095238095,0.8646616541353384,0.8153301983270732,0.029306925609211103,51,1.0,1.0,1.0,1.0,1.0,0.0
80,0.12760764360427856,0.002442311417238486,0.03745180368423462,0.000836070124220524,10.0,auto,linear,0.8,"(1, 1)","{'svc__C': 10, 'svc__gamma': 'auto', 'svc__kernel': 'linear', 'tfidf__max_df': 0.8, 'tfidf__ngram_range': (1, 1)}",0.9060402684563759,0.94,0.8733333333333333,0.9664429530201343,0.9214541387024607,0.03507542476690145,9,1.0,1.0,1.0,1.0,1.0,0.0,0.9782608695652174,0.986013986013986,0.9924242424242424,0.935064935064935,0.9729410082670952,0.0224354463173768,31,1.0,1.0,1.0,1.0,1.0,0.0,0.9407665505226481,0.962457337883959,0.9290780141843972,0.9504950495049505,0.9456992380239887,0.012292581162934716,1,1.0,1.0,1.0,1.0,1.0,0.0
81,0.2918589115142822,0.003169280787821822,0.07999187707901001,0.0016744100941813514,10.0,auto,linear,0.8,"(1, 2)","{'svc__C': 10, 'svc__gamma': 'auto', 'svc__kernel': 'linear', 'tfidf__max_df': 0.8, 'tfidf__ngram_range': (1, 2)}",0.9194630872483222,0.94,0.9066666666666666,0.9731543624161074,0.9348210290827741,0.02512369740232242,1,1.0,1.0,1.0,1.0,1.0,0.0,0.958041958041958,0.9591836734693877,0.9714285714285714,0.9294871794871795,0.9545353456067742,0.015384204458713345,65,1.0,1.0,1.0,1.0,1.0,0.0,0.9383561643835616,0.9494949494949495,0.9379310344827586,0.9508196721311475,0.9441504551231044,0.006026961794033658,5,1.0,1.0,1.0,1.0,1.0,0.0
82,0.29277920722961426,0.03511912145377196,0.030136704444885254,0.0012379650546280288,10.0,auto,linear,0.8,"(2, 2)","{'svc__C': 10, 'svc__gamma': 'auto', 'svc__kernel': 'linear', 'tfidf__max_df': 0.8, 'tfidf__ngram_range': (2, 2)}",0.8120805369127517,0.7933333333333333,0.8066666666666666,0.8322147651006712,0.8110738255033557,0.01398303352607706,25,1.0,1.0,1.0,1.0,1.0,0.0,0.983739837398374,1.0,1.0,0.9841269841269841,0.9919667053813396,0.00803446063864175,3,1.0,1.0,1.0,1.0,1.0,0.0,0.8897058823529411,0.8847583643122676,0.8929889298892989,0.9018181818181819,0.8923178395931723,0.006218417236830842,25,1.0,1.0,1.0,1.0,1.0,0.0
83,0.36411333084106445,0.013589425606048986,0.041085779666900635,0.0023231953278790756,10.0,auto,linear,0.8,"(2, 3)","{'svc__C': 10, 'svc__gamma': 'auto', 'svc__kernel': 'linear', 'tfidf__max_df': 0.8, 'tfidf__ngram_range': (2, 3)}",0.8120805369127517,0.7933333333333333,0.7666666666666667,0.8187919463087249,0.7977181208053691,0.020210172457764623,29,1.0,1.0,1.0,1.0,1.0,0.0,0.983739837398374,0.9754098360655737,1.0,0.9838709677419355,0.9857551603014708,0.008910007008804583,23,1.0,1.0,1.0,1.0,1.0,0.0,0.8897058823529411,0.875,0.8679245283018868,0.8937728937728938,0.8816008261069305,0.010541147885334445,29,1.0,1.0,1.0,1.0,1.0,0.0
84,0.12583166360855103,0.0031506899373362537,0.037606894969940186,0.0006519447031005998,10.0,auto,linear,0.9,"(1, 1)","{'svc__C': 10, 'svc__gamma': 'auto', 'svc__kernel': 'linear', 'tfidf__max_df': 0.9, 'tfidf__ngram_range': (1, 1)}",0.9060402684563759,0.94,0.8733333333333333,0.9664429530201343,0.9214541387024607,0.03507542476690145,9,1.0,1.0,1.0,1.0,1.0,0.0,0.9782608695652174,0.986013986013986,0.9924242424242424,0.935064935064935,0.9729410082670952,0.0224354463173768,31,1.0,1.0,1.0,1.0,1.0,0.0,0.9407665505226481,0.962457337883959,0.9290780141843972,0.9504950495049505,0.9456992380239887,0.012292581162934716,1,1.0,1.0,1.0,1.0,1.0,0.0
85,0.288921594619751,0.007597883677564941,0.07955390214920044,0.001420819204565052,10.0,auto,linear,0.9,"(1, 2)","{'svc__C': 10, 'svc__gamma': 'auto', 'svc__kernel': 'linear', 'tfidf__max_df': 0.9, 'tfidf__ngram_range': (1, 2)}",0.9194630872483222,0.94,0.9066666666666666,0.9731543624161074,0.9348210290827741,0.02512369740232242,1,1.0,1.0,1.0,1.0,1.0,0.0,0.958041958041958,0.9591836734693877,0.9714285714285714,0.9294871794871795,0.9545353456067742,0.015384204458713345,65,1.0,1.0,1.0,1.0,1.0,0.0,0.9383561643835616,0.9494949494949495,0.9379310344827586,0.9508196721311475,0.9441504551231044,0.006026961794033658,5,1.0,1.0,1.0,1.0,1.0,0.0
86,0.2893744111061096,0.032197246388283106,0.029828965663909912,0.0014593033250484824,10.0,auto,linear,0.9,"(2, 2)","{'svc__C': 10, 'svc__gamma': 'auto', 'svc__kernel': 'linear', 'tfidf__max_df': 0.9, 'tfidf__ngram_range': (2, 2)}",0.8120805369127517,0.7933333333333333,0.8066666666666666,0.8322147651006712,0.8110738255033557,0.01398303352607706,25,1.0,1.0,1.0,1.0,1.0,0.0,0.983739837398374,1.0,1.0,0.9841269841269841,0.9919667053813396,0.00803446063864175,3,1.0,1.0,1.0,1.0,1.0,0.0,0.8897058823529411,0.8847583643122676,0.8929889298892989,0.9018181818181819,0.8923178395931723,0.006218417236830842,25,1.0,1.0,1.0,1.0,1.0,0.0
87,0.3630979657173157,0.012805016058759706,0.04109770059585571,0.002318865580330817,10.0,auto,linear,0.9,"(2, 3)","{'svc__C': 10, 'svc__gamma': 'auto', 'svc__kernel': 'linear', 'tfidf__max_df': 0.9, 'tfidf__ngram_range': (2, 3)}",0.8120805369127517,0.7933333333333333,0.7666666666666667,0.8187919463087249,0.7977181208053691,0.020210172457764623,29,1.0,1.0,1.0,1.0,1.0,0.0,0.983739837398374,0.9754098360655737,1.0,0.9838709677419355,0.9857551603014708,0.008910007008804583,23,1.0,1.0,1.0,1.0,1.0,0.0,0.8897058823529411,0.875,0.8679245283018868,0.8937728937728938,0.8816008261069305,0.010541147885334445,29,1.0,1.0,1.0,1.0,1.0,0.0
88,0.20729684829711914,0.002835468042548923,0.07323092222213745,0.001300543359212714,10.0,auto,rbf,0.8,"(1, 1)","{'svc__C': 10, 'svc__gamma': 'auto', 'svc__kernel': 'rbf', 'tfidf__max_df': 0.8, 'tfidf__ngram_range': (1, 1)}",0.0,0.0,0.0,0.0,0.0,0.0,69,0.0,0.0,0.0,0.0,0.0,0.0,0.0,0.0,0.0,0.0,0.0,0.0,69,0.0,0.0,0.0,0.0,0.0,0.0,0.0,0.0,0.0,0.0,0.0,0.0,69,0.0,0.0,0.0,0.0,0.0,0.0
89,0.25980859994888306,0.00500912224117168,0.08556711673736572,0.0014498423115376045,10.0,auto,rbf,0.8,"(1, 2)","{'svc__C': 10, 'svc__gamma': 'auto', 'svc__kernel': 'rbf', 'tfidf__max_df': 0.8, 'tfidf__ngram_range': (1, 2)}",0.0,0.0,0.0,0.0,0.0,0.0,69,0.0,0.0,0.0,0.0,0.0,0.0,0.0,0.0,0.0,0.0,0.0,0.0,69,0.0,0.0,0.0,0.0,0.0,0.0,0.0,0.0,0.0,0.0,0.0,0.0,69,0.0,0.0,0.0,0.0,0.0,0.0
90,0.24421709775924683,0.00895884142812765,0.05644875764846802,0.005459217314683223,10.0,auto,rbf,0.8,"(2, 2)","{'svc__C': 10, 'svc__gamma': 'auto', 'svc__kernel': 'rbf', 'tfidf__max_df': 0.8, 'tfidf__ngram_range': (2, 2)}",0.0,0.0,0.0,0.0,0.0,0.0,69,0.0,0.0,0.0,0.0,0.0,0.0,0.0,0.0,0.0,0.0,0.0,0.0,69,0.0,0.0,0.0,0.0,0.0,0.0,0.0,0.0,0.0,0.0,0.0,0.0,69,0.0,0.0,0.0,0.0,0.0,0.0
91,0.2603939175605774,0.010377703810338682,0.05583322048187256,0.0015907387072423096,10.0,auto,rbf,0.8,"(2, 3)","{'svc__C': 10, 'svc__gamma': 'auto', 'svc__kernel': 'rbf', 'tfidf__max_df': 0.8, 'tfidf__ngram_range': (2, 3)}",0.0,0.0,0.0,0.0,0.0,0.0,69,0.0,0.0,0.0,0.0,0.0,0.0,0.0,0.0,0.0,0.0,0.0,0.0,69,0.0,0.0,0.0,0.0,0.0,0.0,0.0,0.0,0.0,0.0,0.0,0.0,69,0.0,0.0,0.0,0.0,0.0,0.0
92,0.2112991213798523,0.003960160651267659,0.0734555721282959,0.0010987083375778234,10.0,auto,rbf,0.9,"(1, 1)","{'svc__C': 10, 'svc__gamma': 'auto', 'svc__kernel': 'rbf', 'tfidf__max_df': 0.9, 'tfidf__ngram_range': (1, 1)}",0.0,0.0,0.0,0.0,0.0,0.0,69,0.0,0.0,0.0,0.0,0.0,0.0,0.0,0.0,0.0,0.0,0.0,0.0,69,0.0,0.0,0.0,0.0,0.0,0.0,0.0,0.0,0.0,0.0,0.0,0.0,69,0.0,0.0,0.0,0.0,0.0,0.0
93,0.26127302646636963,0.005139615456646485,0.08530133962631226,0.0009508604973554895,10.0,auto,rbf,0.9,"(1, 2)","{'svc__C': 10, 'svc__gamma': 'auto', 'svc__kernel': 'rbf', 'tfidf__max_df': 0.9, 'tfidf__ngram_range': (1, 2)}",0.0,0.0,0.0,0.0,0.0,0.0,69,0.0,0.0,0.0,0.0,0.0,0.0,0.0,0.0,0.0,0.0,0.0,0.0,69,0.0,0.0,0.0,0.0,0.0,0.0,0.0,0.0,0.0,0.0,0.0,0.0,69,0.0,0.0,0.0,0.0,0.0,0.0
94,0.2376297116279602,0.007363607775161815,0.05451035499572754,0.0018216265869445767,10.0,auto,rbf,0.9,"(2, 2)","{'svc__C': 10, 'svc__gamma': 'auto', 'svc__kernel': 'rbf', 'tfidf__max_df': 0.9, 'tfidf__ngram_range': (2, 2)}",0.0,0.0,0.0,0.0,0.0,0.0,69,0.0,0.0,0.0,0.0,0.0,0.0,0.0,0.0,0.0,0.0,0.0,0.0,69,0.0,0.0,0.0,0.0,0.0,0.0,0.0,0.0,0.0,0.0,0.0,0.0,69,0.0,0.0,0.0,0.0,0.0,0.0
95,0.25459349155426025,0.018413949375568634,0.05713927745819092,0.0008152527562064511,10.0,auto,rbf,0.9,"(2, 3)","{'svc__C': 10, 'svc__gamma': 'auto', 'svc__kernel': 'rbf', 'tfidf__max_df': 0.9, 'tfidf__ngram_range': (2, 3)}",0.0,0.0,0.0,0.0,0.0,0.0,69,0.0,0.0,0.0,0.0,0.0,0.0,0.0,0.0,0.0,0.0,0.0,0.0,69,0.0,0.0,0.0,0.0,0.0,0.0,0.0,0.0,0.0,0.0,0.0,0.0,69,0.0,0.0,0.0,0.0,0.0,0.0
